Vehicle Number,Operator Short Code,Operator Prefix,Unit Number,Bus Size,Engine Rating,Operator,"Max no. of passengers (Seated, Adult)","Max no. of passengers (Seated, Intermediate)","Max no. of passengers (Seated, Primary)","Max no. of passengers (Seated, Secondary)","Max no. of passengers (Standing, Adult)","Max no. of passengers (Standing, Intermediate)","Max no. of passengers (Standing, Primary)","Max no. of passengers (Standing, Secondary)",TARE Weight (KG),Telematics System,Customer Information System,Transferring Asset,Vehicle Length (mm),Vehicle Make,Vehicle Model,Vehicle Registration Number,Remove From Service Date,Status,ID + Rego
1011,NZB,NBM,Unit_12,LV61,EURO4,NZ Bus,44,66,66,44,15,19,19,17,10000,Yes,Yes,No,12029,MAN,16/223,ENU731,23/09/2019,Inactive,1011ENU731
1012,NZB,NBM,Unit_12,LV61,EURO4,NZ Bus,44,66,66,44,15,19,19,17,10000,Yes,Yes,No,12029,MAN,16/223,ENU732,23/09/2019,Inactive,1012ENU732
1013,NZB,NBM,Unit_06,LV61,EURO4,NZ Bus,44,66,66,44,15,19,19,17,10000,Yes,,No,12029,MAN,16/223,ENU733,23/09/2019,Inactive,1013ENU733
1301,NZB,NBM,,MV,EURO3,NZ Bus,39,58,58,39,17,18,18,17,8020,Yes,,No,11105,MAN,12/223,AMT475,,Active,1301AMT475
1312,NZB,NBM,,MV,EURO3,NZ Bus,39,58,58,39,17,18,18,17,8020,Yes,,No,11105,MAN,12/223,ATB794,,Active,1312ATB794
1313,NZB,NBM,,MV,EURO3,NZ Bus,39,58,58,39,17,18,18,17,8020,Yes,,No,11105,MAN,12/223,ATK361,,Active,1313ATK361
1314,NZB,NBM,,MV,EURO3,NZ Bus,39,58,58,39,17,18,18,17,8020,Yes,,No,11105,MAN,12/223,FYF257,,Active,1314FYF257
1315,NZB,NBM,,MV,EURO3,NZ Bus,39,58,58,39,17,18,18,17,8020,Yes,,No,11105,MAN,12/223,ATK364,,Active,1315ATK364
1316,NZB,NBM,,MV,EURO3,NZ Bus,38,58,58,39,17,18,18,17,8020,Yes,,No,11105,MAN,12/223,ATK365,,Active,1316ATK365
1317,NZB,NBM,,MV,EURO3,NZ Bus,39,58,58,39,17,18,18,17,8020,Yes,,No,11105,MAN,12/223,ATK366,,Active,1317ATK366
1321,NZB,NBM,Unit_02,MV,EURO3,NZ Bus,39,58,58,39,17,18,18,17,8020,Yes,,No,11105,MAN,12/223,AZE112,,Active,1321AZE112
1322,NZB,NBM,Unit_02,MV,EURO3,NZ Bus,39,58,58,39,17,18,18,17,8020,Yes,,No,11105,MAN,12/223,AYP208,,Active,1322AYP208
1323,NZB,NBM,Unit_02,MV,EURO3,NZ Bus,39,58,58,39,17,18,18,17,8020,Yes,,No,11105,MAN,12/223,AYP204,,Active,1323AYP204
1324,NZB,NBM,Unit_03,MV,EURO3,NZ Bus,39,58,58,39,17,18,18,17,8020,Yes,,No,11105,MAN,12/223,AWZ520,,Active,1324AWZ520
1325,NZB,NBM,,MV,EURO3,NZ Bus,39,58,58,39,17,18,18,17,8020,Yes,,No,11105,MAN,12/223,AWZ519,,Active,1325AWZ519
1361,NZB,NBM,Unit_05,MV,EURO3,NZ Bus,39,58,58,39,17,18,18,17,8020,Yes,,No,11105,MAN,12/223,DGZ750,,Active,1361DGZ750
1422,NZB,NBM,,LV,EURO3,NZ Bus,,,,,,,,,9730,,,,,MAN,17/223,,,Active,1422
1428,NZB,NBM,,LV,EURO3,NZ Bus,,,,,,,,,9730,,,,,MAN,17/223,,,Active,1428
1435,NZB,NBM,,LV,EURO3,NZ Bus,,,,,,,,,9730,,,,,MAN,17/223,,,Active,1435
1445,NZB,NBM,,LV,EURO3,NZ Bus,,,,,,,,,9730,,,,,MAN,17/223,,,Active,1445
1446,NZB,NBM,,LV,EURO3,NZ Bus,,,,,,,,,9730,,,,,MAN,17/223,,,Active,1446
1448,NZB,NBM,,LV,EURO3,NZ Bus,,,,,,,,,9730,,,,,MAN,17/223,,,Active,1448
1452,NZB,NBM,,LV,EURO3,NZ Bus,,,,,,,,,9730,,,,,MAN,17/223,,,Active,1452
1459,NZB,NBM,,LV,EURO3,NZ Bus,,,,,,,,,9730,,,,,MAN,17/223,BQU530,,Active,1459BQU530
1460,NZB,NBM,,LV,EURO3,NZ Bus,,,,,,,,,9730,,,,,MAN,17/223,,,Active,1460
1471,NZB,NBM,Unit_06,LV,EURO3,NZ Bus,39,39,39,39,44,50,50,44,9710,Yes,,No,12585,MAN,17/223,BSJ164,,Active,1471BSJ164
1472,NZB,NBM,Unit_06,LV,EURO3,NZ Bus,39,39,39,39,44,50,50,44,9710,Yes,,No,12585,MAN,17/223,BSJ165,,Active,1472BSJ165
1474,NZB,NBM,Unit_06,LV,EURO3,NZ Bus,39,39,39,39,44,50,50,44,9710,Yes,,No,12585,MAN,17/223,BSJ176,,Active,1474BSJ176
1475,NZB,NBM,Unit_06,LV,EURO3,NZ Bus,39,39,39,39,44,50,50,44,9710,Yes,,No,12585,MAN,17/223,BSJ180,,Active,1475BSJ180
1479,NZB,NBM,Unit_06,LV,EURO3,NZ Bus,39,39,39,39,44,50,50,44,9710,Yes,,No,12585,MAN,17/223,BTL962,,Active,1479BTL962
1480,NZB,NBM,Unit_06,LV,EURO3,NZ Bus,39,39,39,39,44,50,50,44,9710,Yes,,No,12585,MAN,17/223,BTL968,,Active,1480BTL968
2158,NZB,NBM,Unit_03,LV,EURO4,NZ Bus,41,61,61,41,23,32,34,31,12760,Yes,,No,12540,SCANIA,K270,FJQ501,,Active,2158FJQ501
2159,NZB,NBM,Unit_03,LV,EURO4,NZ Bus,41,61,61,41,23,32,34,31,12760,Yes,,No,12540,SCANIA,K270,FTL61,,Active,2159FTL61
2160,NZB,NBM,Unit_05,LV,EURO4,NZ Bus,41,61,61,41,23,32,34,31,12760,Yes,,No,12540,SCANIA,K270,FHJ210,,Active,2160FHJ210
2161,NZB,NBM,Unit_05,LV,EURO4,NZ Bus,41,61,61,41,23,32,34,31,12760,Yes,,No,12540,SCANIA,K270,FHJ220,,Active,2161FHJ220
2162,NZB,NBM,Unit_05,LV,EURO4,NZ Bus,41,61,61,41,23,32,34,31,12760,Yes,,No,12540,SCANIA,K270,FJQ518,,Active,2162FJQ518
2163,NZB,NBM,Unit_05,LV,EURO4,NZ Bus,41,61,61,41,23,32,34,31,12760,Yes,,No,12540,SCANIA,K270,FJQ531,,Active,2163FJQ531
2164,NZB,NBM,Unit_05,LV,EURO4,NZ Bus,41,61,61,41,23,32,34,31,12760,Yes,,No,12540,SCANIA,K270,FJQ546,,Active,2164FJQ546
2165,NZB,NBM,Unit_05,LV,EURO4,NZ Bus,41,61,61,41,23,32,34,31,12760,Yes,,No,12540,SCANIA,K270,FJQ554,,Active,2165FJQ554
2166,NZB,NBM,Unit_05,LV,EURO4,NZ Bus,41,61,61,41,23,32,34,31,12760,Yes,,No,12540,SCANIA,K270,FJQ556,,Active,2166FJQ556
2167,NZB,NBM,Unit_05,LV,EURO4,NZ Bus,41,61,61,41,23,32,34,31,12760,Yes,,No,12540,SCANIA,K270,FLJ944,,Active,2167FLJ944
2168,NZB,NBM,Unit_05,LV,EURO4,NZ Bus,41,61,61,41,23,32,34,31,12760,Yes,,No,12540,SCANIA,K270,FLJ957,,Active,2168FLJ957
2201,NZB,NBM,Unit_02,LV,EURO5,NZ Bus,39,39,39,39,42,47,47,42,12190,Yes,,No,12584,SCANIA,K280,FEQ152,,Active,2201FEQ152
2202,NZB,NBM,Unit_02,LV,EURO5,NZ Bus,39,39,39,39,42,47,47,42,12190,Yes,,No,12584,SCANIA,K280,FFJ71,,Active,2202FFJ71
2203,NZB,NBM,Unit_02,LV,EURO5,NZ Bus,39,39,39,39,42,47,47,42,12190,Yes,,No,12584,SCANIA,K280,FFJ72,,Active,2203FFJ72
2204,NZB,NBM,Unit_02,LV,EURO5,NZ Bus,39,39,39,39,42,47,47,42,12190,Yes,,No,12584,SCANIA,K280,FFJ80,,Active,2204FFJ80
2205,NZB,NBM,Unit_02,LV,EURO5,NZ Bus,39,39,39,39,42,47,47,42,12190,Yes,,No,12584,SCANIA,K280,FGB484,,Active,2205FGB484
2206,NZB,NBM,Unit_02,LV,EURO5,NZ Bus,39,39,39,39,42,47,47,42,12190,Yes,,No,12584,SCANIA,K280,FGB494,,Active,2206FGB494
2207,NZB,NBM,Unit_02,LV,EURO5,NZ Bus,39,39,39,39,42,47,47,42,12190,Yes,,No,12584,SCANIA,K280,FGB495,,Active,2207FGB495
2208,NZB,NBM,Unit_02,LV,EURO5,NZ Bus,39,39,39,39,42,47,47,42,12190,Yes,,No,12584,SCANIA,K280,FGT327,,Active,2208FGT327
2209,NZB,NBM,Unit_02,LV,EURO5,NZ Bus,39,39,39,39,42,47,47,42,12190,Yes,,No,12584,SCANIA,K280,FGT328,,Active,2209FGT328
2210,NZB,NBM,Unit_02,LV,EURO5,NZ Bus,39,39,39,39,42,47,47,42,12190,Yes,,No,12584,SCANIA,K280,FGT339,,Active,2210FGT339
2211,NZB,NBM,Unit_02,LV,EURO5,NZ Bus,39,39,39,39,42,47,47,42,12190,Yes,,No,12584,SCANIA,K280,FJH25,,Active,2211FJH25
2212,NZB,NBM,Unit_02,LV,EURO5,NZ Bus,39,39,39,39,42,47,47,42,12190,Yes,,No,12584,SCANIA,K280,FJH29,,Active,2212FJH29
2213,NZB,NBM,Unit_03,LV,EURO5,NZ Bus,39,39,39,39,42,47,47,42,12190,Yes,,No,12584,SCANIA,K280,FJH38,,Active,2213FJH38
2214,NZB,NBM,Unit_03,LV,EURO5,NZ Bus,39,39,39,39,42,47,47,42,12190,Yes,,No,12584,SCANIA,K280,FJU344,,Active,2214FJU344
2215,NZB,NBM,Unit_03,LV,EURO5,NZ Bus,39,39,39,39,42,47,47,42,12190,Yes,,No,12584,SCANIA,K280,FJU351,,Active,2215FJU351
2216,NZB,NBM,Unit_03,LV,EURO5,NZ Bus,39,39,39,39,42,47,47,42,12190,Yes,,No,12584,SCANIA,K280,FJU359,,Active,2216FJU359
2217,NZB,NBM,Unit_03,LV,EURO5,NZ Bus,42,62,62,42,26,29,29,26,12190,Yes,,No,12584,SCANIA,K280,FKJ767,,Active,2217FKJ767
2218,NZB,NBM,Unit_03,LV,EURO5,NZ Bus,39,39,39,39,42,47,47,42,12190,Yes,,No,12584,SCANIA,K280,FKJ770,,Active,2218FKJ770
2219,NZB,NBM,Unit_05,LV,EURO5,NZ Bus,42,62,62,42,26,29,29,26,12190,Yes,,No,12584,SCANIA,K280,FKJ777,,Active,2219FKJ777
2220,NZB,NBM,Unit_05,LV,EURO5,NZ Bus,42,62,62,42,26,29,29,26,12190,Yes,,No,12584,SCANIA,K280,FLD103,,Active,2220FLD103
2221,NZB,NBM,Unit_05,LV,EURO5,NZ Bus,42,62,62,42,26,29,29,26,12190,Yes,,No,12584,SCANIA,K280,FLD111,,Active,2221FLD111
2222,NZB,NBM,Unit_05,LV,EURO5,NZ Bus,42,62,62,42,26,29,29,26,12190,Yes,,No,12584,SCANIA,K280,FJQ565,,Active,2222FJQ565
2223,NZB,NBM,Unit_05,LV,EURO5,NZ Bus,42,62,62,42,26,29,29,26,12190,Yes,,No,12584,SCANIA,K280,FJQ566,,Active,2223FJQ566
2301,NZB,NBM,Unit_02,LV,EURO3,NZ Bus,51,76,76,51,24,27,27,24,9500,Yes,,No,12596,MAN,11/223,BWT725,,Active,2301BWT725
2302,NZB,NBM,Unit_02,LV,EURO3,NZ Bus,51,76,76,51,24,27,27,24,9500,Yes,,No,12596,MAN,11/223,BWT726,,Active,2302BWT726
2303,NZB,NBM,Unit_02,LV,EURO3,NZ Bus,51,76,76,51,24,27,27,24,9500,Yes,,No,12596,MAN,11/223,BYG534,,Active,2303BYG534
2304,NZB,NBM,Unit_02,LV,EURO3,NZ Bus,51,76,76,51,24,27,27,24,9500,Yes,,No,12596,MAN,11/223,BYG535,,Active,2304BYG535
2305,NZB,NBM,Unit_02,LV,EURO3,NZ Bus,51,76,76,51,24,27,27,24,9500,Yes,,No,12596,MAN,11/223,BYS585,,Active,2305BYS585
2306,NZB,NBM,Unit_02,LV,EURO3,NZ Bus,51,76,76,51,24,27,27,24,9500,Yes,,No,12596,MAN,11/223,CML355,,Active,2306CML355
2308,NZB,NBM,Unit_02,LV,EURO3,NZ Bus,51,76,76,51,24,27,27,24,9500,Yes,,No,12596,MAN,11/223,CPT64,,Active,2308CPT64
2309,NZB,NBM,Unit_02,LV,EURO3,NZ Bus,51,76,76,51,24,27,27,24,9500,Yes,,No,12596,MAN,11/223,CPT80,,Active,2309CPT80
2310,NZB,NBM,Unit_02,LV,EURO3,NZ Bus,51,76,76,51,24,27,27,24,9500,Yes,,No,12596,MAN,11/223,CZZ672,,Active,2310CZZ672
2311,NZB,NBM,Unit_02,LV,EURO3,NZ Bus,51,76,76,51,24,27,27,24,9500,Yes,,No,12596,MAN,11/223,DAH304,,Active,2311DAH304
2312,NZB,NBM,Unit_02,LV,EURO3,NZ Bus,51,76,76,51,24,27,27,24,9500,Yes,Yes,No,12596,MAN,11/223,DAH311,,Active,2312DAH311
2313,NZB,NBM,Unit_02,LV,EURO3,NZ Bus,51,76,76,51,24,27,27,24,9500,Yes,Yes,No,12596,MAN,11/223,DAU242,,Active,2313DAU242
2314,NZB,NBM,Unit_02,LV,EURO3,NZ Bus,51,76,76,51,24,27,27,24,9500,Yes,Yes,No,12596,MAN,11/223,DAU246,,Active,2314DAU246
2445,NZB,NBM,Unit_12,LV,EURO3,NZ Bus,51,76,76,51,24,27,27,24,9710,Yes,,No,12585,MAN,17/223,CNR604,,Active,2445CNR604
2446,NZB,NBM,Unit_12,LV,EURO3,NZ Bus,51,76,76,51,24,27,27,24,9710,Yes,,No,12585,MAN,17/223,CNR605,,Active,2446CNR605
2447,NZB,NBM,Unit_12,LV,EURO3,NZ Bus,51,76,76,51,24,27,27,24,9710,Yes,,No,12585,MAN,17/223,CPC191,,Active,2447CPC191
2448,NZB,NBM,Unit_12,LV,EURO3,NZ Bus,51,76,76,51,24,27,27,24,9710,Yes,,No,12585,MAN,17/223,CPC199,,Active,2448CPC199
2449,NZB,NBM,Unit_12,LV,EURO3,NZ Bus,51,76,76,51,24,27,27,24,9710,Yes,,No,12585,MAN,17/223,CPG39,,Active,2449CPG39
2452,NZB,NBM,Unit_02,LV,EURO3,NZ Bus,51,76,76,51,24,27,27,24,9710,Yes,,No,12585,MAN,17/223,CPT78,,Active,2452CPT78
2453,NZB,NBM,Unit_02,LV,EURO3,NZ Bus,51,76,76,51,24,27,27,24,9710,Yes,,No,12585,MAN,17/223,CQF853,,Active,2453CQF853
2454,NZB,NBM,Unit_02,LV,EURO3,NZ Bus,51,76,76,51,24,27,27,24,9710,Yes,,No,12585,MAN,17/223,CQF860,,Active,2454CQF860
2455,NZB,NBM,Unit_02,LV,EURO3,NZ Bus,51,76,76,51,24,27,27,24,9710,Yes,,No,12585,MAN,17/223,CQM370,,Active,2455CQM370
2456,NZB,NBM,Unit_02,LV,EURO3,NZ Bus,51,76,76,51,24,27,27,24,9710,Yes,,No,12585,MAN,17/223,CQM378,,Active,2456CQM378
2457,NZB,NBM,Unit_02,LV,EURO3,NZ Bus,51,76,76,51,24,27,27,24,9710,Yes,,No,12585,MAN,17/223,CRA209,,Active,2457CRA209
2458,NZB,NBM,Unit_02,LV,EURO3,NZ Bus,51,76,76,51,24,27,27,24,9710,Yes,,No,12585,MAN,17/223,CRA217,,Active,2458CRA217
2459,NZB,NBM,Unit_02,LV,EURO3,NZ Bus,51,76,76,51,24,27,27,24,9710,Yes,,No,12585,MAN,17/223,CRJ104,,Active,2459CRJ104
2460,NZB,NBM,Unit_02,LV,EURO3,NZ Bus,51,76,76,51,24,27,27,24,9710,Yes,,No,12585,MAN,17/223,CRJ107,,Active,2460CRJ107
2478,NZB,NBM,Unit_02,LV,EURO3,NZ Bus,51,76,76,51,24,27,27,24,9710,Yes,,No,12585,MAN,17/223,CTA880,,Active,2478CTA880
2479,NZB,NBM,Unit_02,LV,EURO3,NZ Bus,51,76,76,51,24,27,27,24,9710,Yes,,No,12585,MAN,17/223,CTA889,,Active,2479CTA889
2480,NZB,NBM,Unit_02,LV,EURO3,NZ Bus,51,76,76,51,24,27,27,24,9710,Yes,,No,12585,MAN,17/223,CTA891,,Active,2480CTA891
2482,NZB,NBM,Unit_02,LV,EURO3,NZ Bus,51,76,76,51,24,27,27,24,9710,Yes,,No,12585,MAN,17/223,CTA898,,Active,2482CTA898
2483,NZB,NBM,Unit_02,LV,EURO3,NZ Bus,51,76,76,51,24,27,27,24,9710,Yes,,No,12585,MAN,17/223,CTP222,,Active,2483CTP222
2484,NZB,NBM,Unit_02,LV,EURO3,NZ Bus,51,76,76,51,24,27,27,24,9710,Yes,,No,12585,MAN,17/223,CTP226,,Active,2484CTP226
2485,NZB,NBM,Unit_02,LV,EURO3,NZ Bus,51,76,76,51,24,27,27,24,9710,Yes,,No,12585,MAN,17/223,CTP231,,Active,2485CTP231
2486,NZB,NBM,Unit_02,LV,EURO3,NZ Bus,51,76,76,51,24,27,27,24,9710,Yes,,No,12585,MAN,17/223,CTP237,,Active,2486CTP237
2487,NZB,NBM,Unit_02,LV,EURO3,NZ Bus,51,76,76,51,24,27,27,24,9710,Yes,,No,12585,MAN,17/223,CTU881,,Active,2487CTU881
2488,NZB,NBM,Unit_02,LV,EURO3,NZ Bus,51,76,76,51,24,27,27,24,9710,Yes,,No,12585,MAN,17/223,CTU882,,Active,2488CTU882
2489,NZB,NBM,,LV61,EURO3,NZ Bus,51,76,76,51,24,29,29,26,9790,Yes,,No,12585,MAN,17/223,CUL916,,Active,2489CUL916
2491,NZB,NBM,,LV61,EURO3,NZ Bus,51,76,76,51,24,29,29,26,9790,Yes,,No,12585,MAN,17/223,CUL920,,Active,2491CUL920
2494,NZB,NBM,Unit_02,LV,EURO3,NZ Bus,51,76,76,51,24,27,27,24,9710,Yes,,No,12585,MAN,17/223,CUU467,,Active,2494CUU467
2495,NZB,NBM,Unit_02,LV,EURO3,NZ Bus,51,76,76,51,24,27,27,24,9710,Yes,,No,12585,MAN,17/223,CUY420,,Active,2495CUY420
2496,NZB,NBM,Unit_02,LV,EURO3,NZ Bus,51,76,76,51,24,27,27,24,9710,Yes,,No,12585,MAN,17/223,CWP442,,Active,2496CWP442
2501,NZB,NBM,,LV,EURO5,NZ Bus,,,,,,,,,12550,,,,,SCANIA,K280,ETZ858,12/03/2019,Inactive,2501ETZ858
2502,NZB,NBM,,LV,EURO5,NZ Bus,,,,,,,,,12620,,,,,SCANIA,K280,EWB842,12/03/2019,Inactive,2502EWB842
2503,NZB,NBM,,LV,EURO5,NZ Bus,,,,,,,,,12620,,,,,SCANIA,K280,EWB846,12/03/2019,Inactive,2503EWB846
2504,NZB,NBM,,LV,EURO5,NZ Bus,,,,,,,,,12620,,,,,SCANIA,K280,EWB850,12/03/2019,Inactive,2504EWB850
2505,NZB,NBM,,LV,EURO5,NZ Bus,,,,,,,,,12620,,,,,SCANIA,K280,EWB853,12/03/2019,Inactive,2505EWB853
2506,NZB,NBM,,LV,EURO5,NZ Bus,,,,,,,,,12620,,,,,SCANIA,K280,EWB859,12/03/2019,Inactive,2506EWB859
2507,NZB,NBM,,LV,EURO5,NZ Bus,,,,,,,,,12600,,,,,SCANIA,K280,EWS263,12/03/2019,Inactive,2507EWS263
2508,NZB,NBM,,LV,EURO5,NZ Bus,,,,,,,,,12590,,,,,SCANIA,K280,EWS266,12/03/2019,Inactive,2508EWS266
2509,NZB,NBM,,LV,EURO5,NZ Bus,,,,,,,,,12640,,,,,SCANIA,K280,EZF436,12/03/2019,Inactive,2509EZF436
2510,NZB,NBM,,LV,EURO5,NZ Bus,,,,,,,,,12670,,,,,SCANIA,K280,FCJ13,12/03/2019,Inactive,2510FCJ13
2511,NZB,NBM,,LV,EURO5,NZ Bus,,,,,,,,,12660,,,,,SCANIA,K280,FCJ16,12/03/2019,Inactive,2511FCJ16
2601,NZB,NBM,Unit_06,LV,EURO3,NZ Bus,37,37,37,37,49,56,56,49,10650,Yes,,No,12574,MAN,18/280,FBW730,,Active,2601FBW730
2602,NZB,NBM,Unit_06,LV,EURO3,NZ Bus,37,37,37,37,49,56,56,49,10650,Yes,,No,12574,MAN,18/280,FBW731,,Active,2602FBW731
2603,NZB,NBM,Unit_06,LV,EURO3,NZ Bus,37,37,37,37,49,56,56,49,10650,Yes,,No,12574,MAN,18/280,FBW732,,Active,2603FBW732
2604,NZB,NBM,Unit_06,LV,EURO3,NZ Bus,37,37,37,37,49,56,56,49,10650,Yes,,No,12574,MAN,18/280,FBW746,,Active,2604FBW746
2605,NZB,NBM,Unit_06,LV,EURO3,NZ Bus,37,37,37,37,49,56,56,49,10650,Yes,Yes,No,12574,MAN,18/280,FBW747,,Active,2605FBW747
2606,NZB,NBM,Unit_06,LV,EURO3,NZ Bus,37,37,37,37,49,56,56,49,10650,Yes,Yes,No,12574,MAN,18/280,FBW748,,Active,2606FBW748
2607,NZB,NBM,Unit_06,LV,EURO3,NZ Bus,37,37,37,37,49,56,56,49,10650,Yes,,No,12574,MAN,18/280,FBW749,,Active,2607FBW749
2608,NZB,NBM,Unit_06,LV,EURO3,NZ Bus,38,38,38,38,46,52,52,46,10650,Yes,,No,12574,MAN,18/280,FDD206,,Active,2608FDD206
2609,NZB,NBM,Unit_06,LV,EURO3,NZ Bus,37,37,37,37,49,56,56,49,10650,Yes,,No,12574,MAN,18/280,FDD207,,Active,2609FDD207
2610,NZB,NBM,Unit_06,LV,EURO3,NZ Bus,37,37,37,37,49,56,56,49,10650,Yes,,No,12574,MAN,18/280,GAT976,,Active,2610GAT976
2611,NZB,NBM,Unit_06,LV,EURO3,NZ Bus,37,37,37,37,49,56,56,49,10650,Yes,,No,12574,MAN,18/280,FDD212,,Active,2611FDD212
3000,TGL,TZM,Unit_01,SV,EURO6,Tranzurban,29,42,42,29,25,27,27,24,7190,Yes,Yes,No,10100,Optare,MetroCity,LNY928,,Active,3000LNY928
3001,TGL,TZM,Unit_01,SV,EURO6,Tranzurban,29,42,42,29,25,27,27,24,7190,Yes,Yes,No,10100,Optare,MetroCity,LNF238,,Active,3001LNF238
3002,TGL,TZM,Unit_01,SV,EURO6,Tranzurban,29,42,42,29,25,27,27,24,7190,Yes,Yes,No,10100,Optare,MetroCity,LNF237,,Active,3002LNF237
3003,TGL,TZM,Unit_01,SV,EURO6,Tranzurban,29,42,42,29,25,27,27,24,7190,Yes,Yes,No,10100,Optare,MetroCity,LNF236,,Active,3003LNF236
3004,TGL,TZM,Unit_01,SV,EURO6,Tranzurban,29,42,42,29,25,24,24,27,7190,Yes,Yes,No,10100,Optare,MetroCity,LMN395,,Active,3004LMN395
3005,TGL,TZM,Unit_01,SV,EURO6,Tranzurban,29,42,42,29,25,27,27,24,7190,Yes,Yes,No,10100,Optare,MetroCity,LNY932,,Active,3005LNY932
3006,TGL,TZM,Unit_01,SV,EURO6,Tranzurban,29,42,42,29,25,24,24,27,7190,Yes,Yes,No,10100,Optare,MetroCity,LNY927,,Active,3006LNY927
3007,TGL,TZM,Unit_01,SV,EURO6,Tranzurban,29,42,42,29,25,27,27,24,7190,Yes,Yes,No,10100,Optare,MetroCity,LNY931,,Active,3007LNY931
3008,TGL,TZM,Unit_09,SV,EURO6,Tranzurban,29,42,42,29,25,27,27,24,7190,Yes,Yes,No,10100,Optare,MetroCity,LNY926,,Active,3008LNY926
3009,TGL,TZM,Unit_01,SV,EURO6,Tranzurban,29,42,42,29,25,27,27,24,7190,Yes,Yes,No,10100,Optare,MetroCity,LNY929,,Active,3009LNY929
3010,TGL,TZM,Unit_09,SV,EURO6,Tranzurban,29,42,42,29,25,27,27,24,7190,Yes,Yes,No,10100,Optare,MetroCity,LNY925,,Active,3010LNY925
3011,TGL,TZM,Unit_09,SV,EURO6,Tranzurban,29,42,42,29,25,27,27,24,7190,Yes,Yes,No,10100,Optare,MetroCity,LNY923,,Active,3011LNY923
3012,TGL,TZM,Unit_01,SV,EURO6,Tranzurban,29,42,42,29,25,27,27,24,7190,Yes,Yes,No,10100,Optare,MetroCity,LNY930,,Active,3012LNY930
3013,TGL,TZM,Unit_10,SV,EURO6,Tranzurban,29,42,42,29,25,27,27,24,7190,Yes,Yes,No,10100,Optare,MetroCity,LPT954,,Active,3013LPT954
3014,TGL,TZM,Unit_01,SV,EURO6,Tranzurban,29,42,42,29,25,27,27,24,7190,Yes,Yes,No,10100,Optare,MetroCity,LQZ276,,Active,3014LQZ276
3015,TGL,TZM,Unit_01,SV,EURO6,Tranzurban,29,42,42,29,25,27,27,24,7190,Yes,Yes,No,10100,Optare,MetroCity,LQZ275,,Active,3015LQZ275
3100,TGL,TZM,Unit_13,MV,EURO6,Tranzurban,33,48,48,33,22,28,28,24,7560,Yes,Yes,No,10800,Optare,MetroCity,LLY307,,Active,3100LLY307
3101,TGL,TZM,Unit_15,MV,EURO6,Tranzurban,33,48,48,33,22,28,28,24,7560,Yes,Yes,No,10800,Optare,MetroCity,LHG22,,Active,3101LHG22
3102,TGL,TZM,Unit_15,MV,EURO6,Tranzurban,33,48,48,33,22,28,28,24,7560,Yes,Yes,No,10800,Optare,MetroCity,LHG28,,Active,3102LHG28
3103,TGL,TZM,Unit_15,MV,EURO6,Tranzurban,33,48,48,33,22,28,28,24,7560,Yes,Yes,No,10800,Optare,MetroCity,LHG21,,Active,3103LHG21
3104,TGL,TZM,Unit_15,MV,EURO6,Tranzurban,33,48,48,33,22,28,28,24,7560,Yes,Yes,No,10800,Optare,MetroCity,LHG29,,Active,3104LHG29
3105,TGL,TZM,Unit_09,MV,EURO6,Tranzurban,33,48,48,33,22,28,28,24,7560,Yes,Yes,No,10800,Optare,MetroCity,LHG30,,Active,3105LHG30
3106,TGL,TZM,Unit_09,MV,EURO6,Tranzurban,33,48,48,33,22,28,28,24,7560,Yes,Yes,No,10800,Optare,MetroCity,LHG36,,Active,3106LHG36
3107,TGL,TZM,Unit_01,MV,EURO6,Tranzurban,33,48,48,33,22,28,28,24,7560,Yes,Yes,No,10800,Optare,MetroCity,LHG31,,Active,3107LHG31
3108,TGL,TZM,Unit_10,MV,EURO6,Tranzurban,33,48,48,33,22,28,28,24,7560,Yes,Yes,No,10800,Optare,MetroCity,LHG32,,Active,3108LHG32
3109,TGL,TZM,Unit_11,MV,EURO6,Tranzurban,33,48,48,33,22,28,28,24,7560,Yes,Yes,No,10800,Optare,MetroCity,LHG33,,Active,3109LHG33
3110,TGL,TZM,Unit_11,MV,EURO6,Tranzurban,33,48,48,33,22,28,28,24,7560,Yes,Yes,No,10800,Optare,MetroCity,LHG34,,Active,3110LHG34
3111,TGL,TZM,Unit_10,MV,EURO6,Tranzurban,33,48,48,33,22,28,28,24,7560,Yes,Yes,No,10800,Optare,MetroCity,LHG35,,Active,3111LHG35
3112,TGL,TZM,Unit_11,MV,EURO6,Tranzurban,33,48,48,33,22,28,28,24,7560,Yes,Yes,No,10800,Optare,MetroCity,LHG27,,Active,3112LHG27
3113,TGL,TZM,Unit_10,MV,EURO6,Tranzurban,33,48,48,33,22,28,28,24,7560,Yes,Yes,No,10800,Optare,MetroCity,LJB885,,Active,3113LJB885
3114,TGL,TZM,Unit_11,MV,EURO6,Tranzurban,33,48,48,33,22,28,28,24,7560,Yes,Yes,No,10800,Optare,MetroCity,LJB888,,Active,3114LJB888
3115,TGL,TZM,Unit_11,MV,EURO6,Tranzurban,33,48,48,33,22,28,28,24,7560,Yes,Yes,No,10800,Optare,MetroCity,LJB891,,Active,3115LJB891
3116,TGL,TZM,Unit_11,MV,EURO6,Tranzurban,33,48,48,33,22,28,28,24,7560,Yes,Yes,No,10800,Optare,MetroCity,LJB867,,Active,3116LJB867
3117,TGL,TZM,Unit_11,MV,EURO6,Tranzurban,33,48,48,33,22,28,28,24,7560,Yes,Yes,No,10800,Optare,MetroCity,LJB890,,Active,3117LJB890
3118,TGL,TZM,Unit_11,MV,EURO6,Tranzurban,33,48,48,33,22,28,28,24,7560,Yes,Yes,No,10800,Optare,MetroCity,LJB866,,Active,3118LJB866
3119,TGL,TZM,Unit_11,MV,EURO6,Tranzurban,33,48,48,33,22,28,28,24,7560,Yes,Yes,No,10800,Optare,MetroCity,LJB868,,Active,3119LJB868
3120,TGL,TZM,Unit_11,MV,EURO6,Tranzurban,33,48,48,33,22,28,28,24,7560,Yes,Yes,No,10800,Optare,MetroCity,LJB869,,Active,3120LJB869
3121,TGL,TZM,Unit_11,MV,EURO6,Tranzurban,33,48,48,33,22,28,28,24,7560,Yes,Yes,No,10800,Optare,MetroCity,LJB894,,Active,3121LJB894
3122,TGL,TZM,Unit_10,MV,EURO6,Tranzurban,33,48,48,33,22,28,28,24,7560,Yes,Yes,No,10800,Optare,MetroCity,LJB895,,Active,3122LJB895
3123,TGL,TZM,Unit_01,MV,EURO6,Tranzurban,33,48,48,33,22,28,28,24,7560,Yes,Yes,No,10800,Optare,MetroCity,LJB887,,Active,3123LJB887
3124,TGL,TZM,Unit_13,MV,EURO6,Tranzurban,33,48,48,33,22,28,28,24,7560,Yes,Yes,No,10800,Optare,MetroCity,LJB889,,Active,3124LJB889
3125,TGL,TZM,Unit_09,MV,EURO6,Tranzurban,33,48,48,33,22,28,28,24,7560,Yes,Yes,No,10800,Optare,MetroCity,LJB892,,Active,3125LJB892
3126,TGL,TZM,Unit_09,MV,EURO6,Tranzurban,33,48,48,33,22,28,28,24,7560,Yes,Yes,No,10800,Optare,MetroCity,LJB893,,Active,3126LJB893
3127,TGL,TZM,Unit_09,MV,EURO6,Tranzurban,33,48,48,33,22,28,28,24,7560,Yes,Yes,No,10800,Optare,MetroCity,LJB870,,Active,3127LJB870
3128,TGL,TZM,Unit_09,MV,EURO6,Tranzurban,33,48,48,33,22,28,28,24,7560,Yes,Yes,No,10800,Optare,MetroCity,LKA248,,Active,3128LKA248
3129,TGL,TZM,Unit_09,MV,EURO6,Tranzurban,33,48,48,33,22,28,28,24,7560,Yes,Yes,No,10800,Optare,MetroCity,LKA249,,Active,3129LKA249
3130,TGL,TZM,Unit_09,MV,EURO6,Tranzurban,33,48,48,33,22,28,28,24,7560,Yes,Yes,No,10800,Optare,MetroCity,LKA250,,Active,3130LKA250
3131,TGL,TZM,Unit_09,MV,EURO6,Tranzurban,33,48,48,33,22,28,28,24,7560,Yes,Yes,No,10800,Optare,MetroCity,LJB886,,Active,3131LJB886
3132,TGL,TZM,Unit_09,MV,EURO6,Tranzurban,33,48,48,33,22,28,28,24,7560,Yes,Yes,No,10800,Optare,MetroCity,LKA245,,Active,3132LKA245
3133,TGL,TZM,Unit_09,MV,EURO6,Tranzurban,33,48,48,33,22,28,28,24,7560,Yes,Yes,No,10800,Optare,MetroCity,LKA246,,Active,3133LKA246
3134,TGL,TZM,Unit_09,MV,EURO6,Tranzurban,33,48,48,33,22,28,28,24,7560,Yes,Yes,No,10800,Optare,MetroCity,LKA242,,Active,3134LKA242
3135,TGL,TZM,Unit_09,MV,EURO6,Tranzurban,33,48,48,33,22,28,28,24,7560,Yes,Yes,No,10800,Optare,MetroCity,LKA243,,Active,3135LKA243
3136,TGL,TZM,Unit_09,MV,EURO6,Tranzurban,33,48,48,33,22,28,28,24,7560,Yes,Yes,No,10800,Optare,MetroCity,LKA251,,Active,3136LKA251
3137,TGL,TZM,Unit_09,MV,EURO6,Tranzurban,33,48,48,33,22,28,28,24,7560,Yes,Yes,No,10800,Optare,MetroCity,LKA241,,Active,3137LKA241
3138,TGL,TZM,Unit_10,MV,EURO6,Tranzurban,33,48,48,33,22,28,28,24,7560,Yes,Yes,No,10800,Optare,MetroCity,LKA244,,Active,3138LKA244
3139,TGL,TZM,Unit_09,MV,EURO6,Tranzurban,33,48,48,33,22,28,28,24,7560,Yes,Yes,No,10800,Optare,MetroCity,LKL316,,Active,3139LKL316
3140,TGL,TZM,Unit_09,MV,EURO6,Tranzurban,33,48,48,33,22,28,28,24,7560,Yes,Yes,No,10800,Optare,MetroCity,LKL315,,Active,3140LKL315
3141,TGL,TZM,Unit_09,MV,EURO6,Tranzurban,33,48,48,33,22,28,28,24,7560,Yes,Yes,No,10800,Optare,MetroCity,LKL309,,Active,3141LKL309
3142,TGL,TZM,Unit_10,MV,EURO6,Tranzurban,33,48,48,33,22,28,28,24,7560,Yes,Yes,No,10800,Optare,MetroCity,LKA247,,Active,3142LKA247
3143,TGL,TZM,Unit_09,MV,EURO6,Tranzurban,33,48,48,33,22,28,28,24,7560,Yes,Yes,No,10800,Optare,MetroCity,LKL314,,Active,3143LKL314
3144,TGL,TZM,Unit_09,MV,EURO6,Tranzurban,33,48,48,33,22,28,28,24,7560,Yes,Yes,No,10800,Optare,MetroCity,LKL319,,Active,3144LKL319
3145,TGL,TZM,Unit_09,MV,EURO6,Tranzurban,33,48,48,33,22,28,28,24,7560,Yes,Yes,No,10800,Optare,MetroCity,LKL311,,Active,3145LKL311
3146,TGL,TZM,Unit_09,MV,EURO6,Tranzurban,33,48,48,33,22,28,28,24,7560,Yes,Yes,No,10800,Optare,MetroCity,LKL312,,Active,3146LKL312
3147,TGL,TZM,Unit_09,MV,EURO6,Tranzurban,33,48,48,33,22,28,28,24,7560,Yes,Yes,No,10800,Optare,MetroCity,LKL318,,Active,3147LKL318
3148,TGL,TZM,Unit_09,MV,EURO6,Tranzurban,33,48,48,33,22,28,28,24,7560,Yes,Yes,No,10800,Optare,MetroCity,LKL307,,Active,3148LKL307
3149,TGL,TZM,Unit_13,MV,EURO6,Tranzurban,33,48,48,33,22,28,28,24,7560,Yes,Yes,No,10800,Optare,MetroCity,LKL308,,Active,3149LKL308
3150,TGL,TZM,Unit_10,MV,EURO6,Tranzurban,33,48,48,33,22,28,28,24,7560,Yes,Yes,No,10800,Optare,MetroCity,LKW506,,Active,3150LKW506
3151,TGL,TZM,Unit_10,MV,EURO6,Tranzurban,33,48,48,33,22,28,28,24,7560,Yes,Yes,No,10800,Optare,MetroCity,LKW507,,Active,3151LKW507
3152,TGL,TZM,Unit_10,MV,EURO6,Tranzurban,33,48,48,33,22,28,28,24,7560,Yes,Yes,No,10800,Optare,MetroCity,LKW509,,Active,3152LKW509
3153,TGL,TZM,Unit_13,MV,EURO6,Tranzurban,33,48,48,33,22,28,28,24,7560,Yes,Yes,No,10800,Optare,MetroCity,LKW510,,Active,3153LKW510
3154,TGL,TZM,Unit_13,MV,EURO6,Tranzurban,33,48,48,33,22,28,28,24,7560,Yes,Yes,No,10800,Optare,MetroCity,LKW513,,Active,3154LKW513
3155,TGL,TZM,Unit_13,MV,EURO6,Tranzurban,33,48,48,33,22,28,28,24,7560,Yes,Yes,No,10800,Optare,MetroCity,LKW514,,Active,3155LKW514
3156,TGL,TZM,Unit_13,MV,EURO6,Tranzurban,33,48,48,33,22,28,28,24,7560,Yes,Yes,No,10800,Optare,MetroCity,LKW515,,Active,3156LKW515
3157,TGL,TZM,Unit_13,MV,EURO6,Tranzurban,33,48,48,33,22,28,28,24,7560,Yes,Yes,No,10800,Optare,MetroCity,LKW516,,Active,3157LKW516
3158,TGL,TZM,Unit_13,MV,EURO6,Tranzurban,33,48,48,33,22,28,28,24,7560,Yes,Yes,No,10800,Optare,MetroCity,LKW544,,Active,3158LKW544
3159,TGL,TZM,Unit_13,MV,EURO6,Tranzurban,33,48,48,33,22,28,28,24,7560,Yes,Yes,No,10800,Optare,MetroCity,LKW552,,Active,3159LKW552
3160,TGL,TZM,Unit_13,MV,EURO6,Tranzurban,33,48,48,33,22,28,28,24,7560,Yes,Yes,No,10800,Optare,MetroCity,LKW543,,Active,3160LKW543
3161,TGL,TZM,Unit_13,MV,EURO6,Tranzurban,33,48,48,33,22,28,28,24,7560,Yes,Yes,No,10800,Optare,MetroCity,LKW545,,Active,3161LKW545
3162,TGL,TZM,Unit_13,MV,EURO6,Tranzurban,33,48,48,33,22,28,28,24,7560,Yes,Yes,No,10800,Optare,MetroCity,LKW542,,Active,3162LKW542
3163,TGL,TZM,Unit_13,MV,EURO6,Tranzurban,33,48,48,33,22,28,28,24,7560,Yes,Yes,No,10800,Optare,MetroCity,LKW549,,Active,3163LKW549
3164,TGL,TZM,Unit_13,MV,EURO6,Tranzurban,33,48,48,33,22,28,28,24,7560,Yes,Yes,No,10800,Optare,MetroCity,LLL554,,Active,3164LLL554
3165,TGL,TZM,Unit_13,MV,EURO6,Tranzurban,33,48,48,33,22,28,28,24,7560,Yes,Yes,No,10800,Optare,MetroCity,LLL551,,Active,3165LLL551
3166,TGL,TZM,Unit_13,MV,EURO6,Tranzurban,33,48,48,33,22,28,28,24,7560,Yes,Yes,No,10800,Optare,MetroCity,LLL553,,Active,3166LLL553
3167,TGL,TZM,Unit_01,MV,EURO6,Tranzurban,33,48,48,33,22,28,28,24,7560,Yes,Yes,No,10800,Optare,MetroCity,LLL557,,Active,3167LLL557
3168,TGL,TZM,Unit_01,MV,EURO6,Tranzurban,33,48,48,33,22,28,28,24,7560,Yes,Yes,No,10800,Optare,MetroCity,LLL556,,Active,3168LLL556
3169,TGL,TZM,Unit_01,MV,EURO6,Tranzurban,33,48,48,33,22,28,28,24,7560,Yes,Yes,No,10800,Optare,MetroCity,LLL595,,Active,3169LLL595
3170,TGL,TZM,Unit_01,MV,EURO6,Tranzurban,33,48,48,33,22,28,28,24,7560,Yes,Yes,No,10800,Optare,MetroCity,LLL552,,Active,3170LLL552
3171,TGL,TZM,Unit_01,MV,EURO6,Tranzurban,33,48,48,33,22,28,28,24,7560,Yes,Yes,No,10800,Optare,MetroCity,LLL594,,Active,3171LLL594
3172,TGL,TZM,Unit_01,MV,EURO6,Tranzurban,33,48,48,33,22,28,28,24,7560,Yes,Yes,No,10800,Optare,MetroCity,LLL596,,Active,3172LLL596
3173,TGL,TZM,Unit_01,MV,EURO6,Tranzurban,33,48,48,33,22,28,28,24,7560,Yes,Yes,No,10800,Optare,MetroCity,LLL593,,Active,3173LLL593
3174,TGL,TZM,Unit_01,MV,EURO6,Tranzurban,33,48,48,33,22,28,28,24,7560,Yes,Yes,No,10800,Optare,MetroCity,LLY305,,Active,3174LLY305
3175,TGL,TZM,Unit_01,MV,EURO6,Tranzurban,33,48,48,33,22,28,28,24,7560,Yes,Yes,No,10800,Optare,MetroCity,LLY304,,Active,3175LLY304
3176,TGL,TZM,Unit_01,MV,EURO6,Tranzurban,33,48,48,33,22,28,28,24,7560,Yes,Yes,No,10800,Optare,MetroCity,LLY311,,Active,3176LLY311
3177,TGL,TZM,Unit_01,MV,EURO6,Tranzurban,33,48,48,33,22,28,28,24,7560,Yes,Yes,No,10800,Optare,MetroCity,LMN359,,Active,3177LMN359
3178,TGL,TZM,Unit_01,MV,EURO6,Tranzurban,33,48,48,33,22,28,28,24,7560,Yes,Yes,No,10800,Optare,MetroCity,LLY310,,Active,3178LLY310
3179,TGL,TZM,Unit_01,MV,EURO6,Tranzurban,33,48,48,33,22,28,28,24,7560,Yes,Yes,No,10800,Optare,MetroCity,LLY309,,Active,3179LLY309
3180,TGL,TZM,Unit_01,MV,EURO6,Tranzurban,33,48,48,33,22,28,28,24,7560,Yes,Yes,No,10800,Optare,MetroCity,LLY308,,Active,3180LLY308
3181,TGL,TZM,Unit_01,MV,EURO6,Tranzurban,33,48,48,33,22,28,28,24,7560,Yes,Yes,No,10800,Optare,MetroCity,LMN345,,Active,3181LMN345
3182,TGL,TZM,Unit_01,MV,EURO6,Tranzurban,33,48,48,33,22,28,28,24,7560,Yes,Yes,No,10800,Optare,MetroCity,LMN358,,Active,3182LMN358
3183,TGL,TZM,Unit_01,MV,EURO6,Tranzurban,33,48,48,33,22,28,28,24,7560,Yes,Yes,No,10800,Optare,MetroCity,LMN347,,Active,3183LMN347
3184,TGL,TZM,Unit_01,MV,EURO6,Tranzurban,33,48,48,33,22,28,28,24,7560,Yes,Yes,No,10800,Optare,MetroCity,LMN356,,Active,3184LMN356
3185,TGL,TZM,Unit_01,MV,EURO6,Tranzurban,33,48,48,33,22,28,28,24,7560,Yes,Yes,No,10800,Optare,MetroCity,LMN348,,Active,3185LMN348
3186,TGL,TZM,Unit_01,MV,EURO6,Tranzurban,33,48,48,33,22,28,28,24,7560,Yes,Yes,No,10800,Optare,MetroCity,LMN353,,Active,3186LMN353
3187,TGL,TZM,Unit_01,MV,EURO6,Tranzurban,33,48,48,33,22,28,28,24,7560,Yes,Yes,No,10800,Optare,MetroCity,LMN349,,Active,3187LMN349
3188,TGL,TZM,Unit_01,MV,EURO6,Tranzurban,33,48,48,33,22,28,28,24,7560,Yes,Yes,No,10800,Optare,MetroCity,LMN354,,Active,3188LMN354
3189,TGL,TZM,Unit_01,MV,EURO6,Tranzurban,33,48,48,33,22,28,28,24,7560,Yes,Yes,No,10800,Optare,MetroCity,LMN346,,Active,3189LMN346
3190,TGL,TZM,Unit_01,MV,EURO6,Tranzurban,33,48,48,33,22,28,28,24,7560,Yes,Yes,No,10800,Optare,MetroCity,LMN352,,Active,3190LMN352
3191,TGL,TZM,Unit_01,MV,EURO6,Tranzurban,33,48,48,33,22,28,28,24,7560,Yes,Yes,No,10800,Optare,MetroCity,LMN396,,Active,3191LMN396
3192,TGL,TZM,Unit_01,MV,EURO6,Tranzurban,33,48,48,33,22,28,28,24,7560,Yes,Yes,No,10800,Optare,MetroCity,LNF235,,Active,3192LNF235
3193,TGL,TZM,Unit_01,MV,EURO6,Tranzurban,33,48,48,33,22,28,28,24,7560,Yes,Yes,No,10800,Optare,MetroCity,LMN350,,Active,3193LMN350
3194,TGL,TZM,Unit_01,MV,EURO6,Tranzurban,33,48,48,33,22,28,28,24,7560,Yes,Yes,No,10800,Optare,MetroCity,LMN397,,Active,3194LMN397
3195,TGL,TZM,Unit_01,MV,EURO6,Tranzurban,33,48,48,33,22,28,28,24,7560,Yes,Yes,No,10800,Optare,MetroCity,LNY924,,Active,3195LNY924
3196,TGL,TZM,Unit_01,MV,EURO6,Tranzurban,33,48,48,33,22,28,28,24,7560,Yes,Yes,No,10800,Optare,MetroCity,LNF234,,Active,3196LNF234
3197,TGL,TZM,Unit_01,MV,EURO6,Tranzurban,33,48,48,33,22,28,28,24,7560,Yes,Yes,No,10800,Optare,MetroCity,LNF240,,Active,3197LNF240
3198,TGL,TZM,Other,MV,EURO6,Tranzurban,33,48,48,33,22,28,28,24,7560,Yes,Yes,No,10800,Optare,MetroCity,,10/08/2018,Inactive,3198
3300,TGL,TZM,Unit_01,LV,EURO6,Tranzurban,39,58,58,39,37,43,43,37,12165,Yes,Yes,No,12600,SCANIA,K320,LHM219,,Active,3300LHM219
3301,TGL,TZM,Unit_01,LV,EURO6,Tranzurban,39,58,58,39,37,43,43,37,12165,Yes,Yes,No,12600,SCANIA,K320,LHM220,,Active,3301LHM220
3302,TGL,TZM,Unit_10,LV,EURO6,Tranzurban,39,58,58,39,37,43,43,37,12165,Yes,Yes,No,12600,SCANIA,K320,LHM236,,Active,3302LHM236
3303,TGL,TZM,Unit_10,LV,EURO6,Tranzurban,39,58,58,39,37,43,43,37,12165,Yes,Yes,No,12600,SCANIA,K320,LHM235,,Active,3303LHM235
3304,TGL,TZM,Unit_10,LV,EURO6,Tranzurban,39,58,58,39,37,43,43,37,12165,Yes,Yes,No,12600,SCANIA,K320,LJF710,,Active,3304LJF710
3305,TGL,TZM,Unit_10,LV,EURO6,Tranzurban,39,58,58,39,37,43,43,37,12165,Yes,Yes,No,12600,SCANIA,K320,LJF692,,Active,3305LJF692
3306,TGL,TZM,Unit_10,LV,EURO6,Tranzurban,39,58,58,39,37,43,43,37,12165,Yes,Yes,No,12600,SCANIA,K320,LJF701,,Active,3306LJF701
3307,TGL,TZM,Unit_10,LV,EURO6,Tranzurban,39,58,58,39,37,43,43,37,12165,Yes,Yes,No,12600,SCANIA,K320,LJF709,,Active,3307LJF709
3308,TGL,TZM,Unit_10,LV,EURO6,Tranzurban,39,58,58,39,37,43,43,37,12165,Yes,Yes,No,12600,SCANIA,K320,LJW836,,Active,3308LJW836
3309,TGL,TZM,Unit_10,LV,EURO6,Tranzurban,39,58,58,39,37,43,43,37,12165,Yes,Yes,No,12600,SCANIA,K320,LJW835,,Active,3309LJW835
3310,TGL,TZM,Unit_10,LV,EURO6,Tranzurban,39,58,58,39,37,43,43,37,12165,Yes,Yes,No,12600,SCANIA,K320,LJW837,,Active,3310LJW837
3311,TGL,TZM,Unit_10,LV,EURO6,Tranzurban,39,58,58,39,37,43,43,37,12165,Yes,Yes,No,12600,SCANIA,K320,LJW854,,Active,3311LJW854
3312,TGL,TZM,Unit_10,LV,EURO6,Tranzurban,39,58,58,39,37,43,43,37,12165,Yes,Yes,No,12600,SCANIA,K320,LJW856,,Active,3312LJW856
3313,TGL,TZM,Unit_10,LV,EURO6,Tranzurban,39,58,58,39,37,43,43,37,12165,Yes,Yes,No,12600,SCANIA,K320,LKT361,,Active,3313LKT361
3314,TGL,TZM,Unit_11,LV,EURO6,Tranzurban,39,58,58,39,37,43,43,37,12165,Yes,Yes,No,12600,SCANIA,K320,LKT367,,Active,3314LKT367
3315,TGL,TZM,Unit_11,LV,EURO6,Tranzurban,39,58,58,39,37,43,43,37,12165,Yes,Yes,No,12600,SCANIA,K320,LKT372,,Active,3315LKT372
3316,TGL,TZM,Unit_11,LV,EURO6,Tranzurban,39,58,58,39,37,43,43,37,12165,Yes,Yes,No,12600,SCANIA,K320,LKT373,,Active,3316LKT373
3317,TGL,TZM,Unit_11,LV,EURO6,Tranzurban,39,58,58,39,37,43,43,37,12165,Yes,Yes,No,12600,SCANIA,K320,LKT384,,Active,3317LKT384
3318,TGL,TZM,Unit_11,LV,EURO6,Tranzurban,39,58,58,39,37,43,43,37,12165,Yes,Yes,No,12600,SCANIA,K320,LKT387,,Active,3318LKT387
3319,TGL,TZM,Unit_13,LV,EURO6,Tranzurban,39,58,58,39,37,43,43,37,12165,Yes,Yes,No,12600,SCANIA,K320,LKT395,,Active,3319LKT395
3320,TGL,TZM,Unit_13,LV,EURO6,Tranzurban,39,58,58,39,37,43,43,37,12165,Yes,Yes,No,12600,SCANIA,K320,LLT246,,Active,3320LLT246
3321,TGL,TZM,Unit_13,LV,EURO6,Tranzurban,39,58,58,39,37,43,43,37,12165,Yes,Yes,No,12600,SCANIA,K320,LLT245,,Active,3321LLT245
3322,TGL,TZM,Unit_13,LV,EURO6,Tranzurban,39,58,58,39,37,43,43,37,12165,Yes,Yes,No,12600,SCANIA,K320,LLT269,,Active,3322LLT269
3323,TGL,TZM,Unit_13,LV,EURO6,Tranzurban,39,58,58,39,37,43,43,37,12165,Yes,Yes,No,12600,SCANIA,K320,LLT270,,Active,3323LLT270
3324,TGL,TZM,Unit_01,LV,EURO6,Tranzurban,39,58,58,39,37,43,43,37,12165,Yes,Yes,No,12600,SCANIA,K320,LNB373,,Active,3324LNB373
3325,TGL,TZM,Other,LV,EURO6,Tranzurban,39,58,58,39,37,43,43,37,12165,Yes,Yes,No,12600,SCANIA,K320,LNZ17,,Active,3325LNZ17
3326,TGL,TZM,Other,LV,EURO6,Tranzurban,39,58,58,39,37,43,43,37,12165,Yes,Yes,No,12600,SCANIA,K320,LNZ18,,Active,3326LNZ18
3327,TGL,TZM,Other,LV,EURO6,Tranzurban,39,58,58,39,37,43,43,37,12165,Yes,Yes,No,12600,SCANIA,K320,LPN732,,Active,3327LPN732
3390,TGL,TZM,Unit_15,LV,EURO3,Tranzurban,49,74,74,49,24,29,29,24,9770,,No,No,12500,MAN,A80,ECC995,,Active,3390ECC995
3391,TGL,TZM,Unit_15,LV,EURO3,Tranzurban,49,74,74,49,24,29,29,24,9860,,No,No,12500,MAN,A80,ECC997,,Active,3391ECC997
3400,TGL,TZM,Unit_09,LV,EURO6,Tranzurban,43,63,63,43,32,36,36,32,11889,Yes,Yes,No,12800,BCI,Cityrider,LLC49,,Active,3400LLC49
3401,TGL,TZM,Unit_09,LV,EURO6,Tranzurban,43,63,63,43,32,36,36,32,11920,Yes,Yes,No,12800,BCI,Cityrider,LLC47,,Active,3401LLC47
3402,TGL,TZM,Unit_09,LV,EURO6,Tranzurban,43,63,63,43,32,36,36,32,12160,Yes,Yes,No,12800,BCI,Cityrider,LLC29,,Active,3402LLC29
3403,TGL,TZM,Unit_09,LV,EURO6,Tranzurban,43,63,63,43,32,36,36,32,11709,Yes,Yes,No,12800,BCI,Cityrider,LLC51,,Active,3403LLC51
3404,TGL,TZM,Unit_09,LV,EURO6,Tranzurban,43,63,63,43,32,36,36,32,12140,Yes,Yes,No,12800,BCI,Cityrider,LLC34,,Active,3404LLC34
3405,TGL,TZM,Unit_09,LV,EURO6,Tranzurban,43,63,63,43,32,36,36,32,11828,Yes,Yes,No,12800,BCI,Cityrider,LLC39,,Active,3405LLC39
3406,TGL,TZM,Unit_09,LV,EURO6,Tranzurban,43,63,63,43,32,36,36,32,11777,Yes,Yes,No,12800,BCI,Cityrider,LLC48,,Active,3406LLC48
3407,TGL,TZM,Unit_09,LV,EURO6,Tranzurban,43,63,63,43,32,36,36,32,11782,Yes,Yes,No,12800,BCI,Cityrider,LLC40,,Active,3407LLC40
3408,TGL,TZM,Unit_09,LV,EURO6,Tranzurban,43,63,63,43,32,36,36,32,11868,Yes,Yes,No,12800,BCI,Cityrider,LLC35,,Active,3408LLC35
3409,TGL,TZM,Unit_09,LV,EURO6,Tranzurban,43,63,63,43,32,36,36,32,11816,Yes,Yes,No,12800,BCI,Cityrider,LLC42,,Active,3409LLC42
3410,TGL,TZM,Unit_09,LV,EURO6,Tranzurban,43,63,63,43,32,36,36,32,11729,Yes,Yes,No,12800,BCI,Cityrider,LLC41,,Active,3410LLC41
3411,TGL,TZM,Unit_09,LV,EURO6,Tranzurban,43,63,63,43,32,36,36,32,12220,Yes,Yes,No,12800,BCI,Cityrider,LLC30,,Active,3411LLC30
3412,TGL,TZM,Unit_10,LV,EURO6,Tranzurban,43,63,63,43,32,36,36,32,11721,Yes,Yes,No,12800,BCI,Cityrider,LLC36,,Active,3412LLC36
3413,TGL,TZM,Unit_10,LV,EURO6,Tranzurban,43,63,63,43,32,36,36,32,12200,Yes,Yes,No,12800,BCI,Cityrider,LLC43,,Active,3413LLC43
3414,TGL,TZM,Unit_09,LV,EURO6,Tranzurban,43,63,63,43,32,36,36,32,11879,Yes,Yes,No,12800,BCI,Cityrider,LLC45,,Active,3414LLC45
3415,TGL,TZM,Unit_09,LV,EURO6,Tranzurban,43,63,63,43,32,36,36,32,11854,Yes,Yes,No,12800,BCI,Cityrider,LLC33,,Active,3415LLC33
3416,TGL,TZM,Unit_09,LV,EURO6,Tranzurban,43,63,63,43,32,36,36,32,12080,Yes,Yes,No,12800,BCI,Cityrider,LLC38,,Active,3416LLC38
3417,TGL,TZM,Unit_10,LV,EURO6,Tranzurban,43,63,63,43,32,36,36,32,11873,Yes,Yes,No,12800,BCI,Cityrider,LLC37,,Active,3417LLC37
3418,TGL,TZM,Unit_09,LV,EURO6,Tranzurban,43,63,63,43,32,36,36,32,11906,Yes,Yes,No,12800,BCI,Cityrider,LLC31,,Active,3418LLC31
3419,TGL,TZM,Unit_10,LV,EURO6,Tranzurban,43,63,63,43,32,36,36,32,12120,Yes,Yes,No,12800,BCI,Cityrider,LLC50,,Active,3419LLC50
3420,TGL,TZM,Unit_10,LV,EURO6,Tranzurban,43,63,63,43,32,36,36,32,11863,Yes,Yes,No,12800,BCI,Cityrider,LLC44,,Active,3420LLC44
3421,TGL,TZM,Unit_01,LV,EURO6,Tranzurban,43,63,63,43,32,36,36,32,11826,Yes,Yes,No,12800,BCI,Cityrider,LLC98,,Active,3421LLC98
3422,TGL,TZM,Unit_01,LV,EURO6,Tranzurban,43,63,63,43,32,36,36,32,11806,Yes,Yes,No,12800,BCI,Cityrider,LME488,,Active,3422LME488
3423,TGL,TZM,Unit_01,LV,EURO6,Tranzurban,43,63,63,43,32,36,36,32,11888,Yes,Yes,No,12800,BCI,Cityrider,LME531,,Active,3423LME531
3424,TGL,TZM,Unit_01,LV,EURO6,Tranzurban,43,63,63,43,32,36,36,32,11804,Yes,Yes,No,12800,BCI,Cityrider,LME507,,Active,3424LME507
3425,TGL,TZM,Unit_01,LV,EURO6,Tranzurban,43,63,63,43,32,36,36,32,11805,Yes,Yes,No,12800,BCI,Cityrider,LME546,,Active,3425LME546
3426,TGL,TZM,Unit_01,LV,EURO6,Tranzurban,43,63,63,43,32,36,36,32,11893,Yes,Yes,No,12800,BCI,Cityrider,LME539,,Active,3426LME539
3427,TGL,TZM,Unit_01,LV,EURO6,Tranzurban,43,63,63,43,32,36,36,32,11856,Yes,Yes,No,12800,BCI,Cityrider,LME534,,Active,3427LME534
3428,TGL,TZM,Unit_01,LV,EURO6,Tranzurban,43,63,63,43,32,36,36,32,12048,Yes,Yes,No,12800,BCI,Cityrider,LME506,,Active,3428LME506
3429,TGL,TZM,Unit_01,LV,EURO6,Tranzurban,43,63,63,43,32,36,36,32,11746,Yes,Yes,No,12800,BCI,Cityrider,LME510,,Active,3429LME510
3430,TGL,TZM,Unit_01,LV,EURO6,Tranzurban,43,63,63,43,32,36,36,32,11897,Yes,Yes,No,12800,BCI,Cityrider,LME514,,Active,3430LME514
3431,TGL,TZM,Unit_01,LV,EURO6,Tranzurban,43,63,63,43,32,36,36,32,11896,Yes,Yes,No,12800,BCI,Cityrider,LLC99,,Active,3431LLC99
3432,TGL,TZM,Unit_01,LV,EURO6,Tranzurban,43,63,63,43,32,36,36,32,11294,Yes,Yes,No,12800,BCI,Cityrider,LME505,,Active,3432LME505
3433,TGL,TZM,Unit_01,LV,EURO6,Tranzurban,43,63,63,43,32,36,36,32,11900,Yes,Yes,No,12800,BCI,Cityrider,LME489,,Active,3433LME489
3434,TGL,TZM,Unit_01,LV,EURO6,Tranzurban,43,63,63,43,32,36,36,32,11909,Yes,Yes,No,12800,BCI,Cityrider,LME493,,Active,3434LME493
3435,TGL,TZM,Unit_01,LV,EURO6,Tranzurban,43,63,63,43,32,36,36,32,11905,Yes,Yes,No,12800,BCI,Cityrider,LME545,,Active,3435LME545
3436,TGL,TZM,Unit_01,LV,EURO6,Tranzurban,43,63,63,43,32,36,36,32,11724,Yes,Yes,No,12800,BCI,Cityrider,LME504,,Active,3436LME504
3437,TGL,TZM,Unit_01,LV,EURO6,Tranzurban,43,63,63,43,32,36,36,32,11742,Yes,Yes,No,12800,BCI,Cityrider,LME550,,Active,3437LME550
3438,TGL,TZM,Unit_01,LV,EURO6,Tranzurban,43,63,63,43,32,36,36,32,11860,Yes,Yes,No,12800,BCI,Cityrider,LME527,,Active,3438LME527
3439,TGL,TZM,Unit_01,LV,EURO6,Tranzurban,43,63,63,43,32,36,36,32,11837,Yes,Yes,No,12800,BCI,Cityrider,LLC96,,Active,3439LLC96
3440,TGL,TZM,Unit_01,LV,EURO6,Tranzurban,43,63,63,43,32,36,36,32,11894,Yes,Yes,No,12800,BCI,Cityrider,LME524,,Active,3440LME524
3441,TGL,TZM,Unit_01,LV,EURO6,Tranzurban,43,63,63,43,32,36,36,32,11915,Yes,Yes,No,12800,BCI,Cityrider,LLC91,,Active,3441LLC91
3442,TGL,TZM,Unit_01,LV,EURO6,Tranzurban,43,63,63,43,32,36,36,32,11856,Yes,Yes,No,12800,BCI,Cityrider,LME529,,Active,3442LME529
3443,TGL,TZM,Unit_01,LV,EURO6,Tranzurban,43,63,63,43,32,36,36,32,11922,Yes,Yes,No,12800,BCI,Cityrider,LME526,,Active,3443LME526
3444,TGL,TZM,Unit_01,LV,EURO6,Tranzurban,43,63,63,43,32,36,36,32,11917,Yes,Yes,No,12800,BCI,Cityrider,LME523,,Active,3444LME523
3445,TGL,TZM,Unit_01,LV,EURO6,Tranzurban,43,63,63,43,32,36,36,32,11897,Yes,Yes,No,12800,BCI,Cityrider,LLC92,,Active,3445LLC92
3446,TGL,TZM,Unit_01,LV,EURO6,Tranzurban,43,63,63,43,32,36,36,32,11869,Yes,Yes,No,12800,BCI,Cityrider,LLC100,,Active,3446LLC100
3447,TGL,TZM,Unit_01,LV,EURO6,Tranzurban,43,63,63,43,32,36,36,32,11917,Yes,Yes,No,12800,BCI,Cityrider,LME501,,Active,3447LME501
3448,TGL,TZM,Unit_01,LV,EURO6,Tranzurban,43,63,63,43,32,36,36,32,11865,Yes,Yes,No,12800,BCI,Cityrider,LME512,,Active,3448LME512
3449,TGL,TZM,Unit_01,LV,EURO6,Tranzurban,43,63,63,43,32,36,36,32,11880,Yes,Yes,No,12800,BCI,Cityrider,LME513,,Active,3449LME513
3450,TGL,TZM,Unit_01,LV,EURO6,Tranzurban,43,63,63,43,32,36,36,32,11915,Yes,Yes,No,12800,BCI,Cityrider,LME502,,Active,3450LME502
3451,TGL,TZM,Unit_01,LV,EURO6,Tranzurban,43,63,63,43,32,36,36,32,11886,Yes,Yes,No,12800,BCI,Cityrider,LME508,,Active,3451LME508
3452,TGL,TZM,Unit_01,LV,EURO6,Tranzurban,43,63,63,43,32,36,36,32,11998,Yes,Yes,No,12800,BCI,Cityrider,LME503,,Active,3452LME503
3453,TGL,TZM,Unit_01,LV,EURO6,Tranzurban,43,63,63,43,32,36,36,32,11869,Yes,Yes,No,12800,BCI,Cityrider,LME556,,Active,3453LME556
3454,TGL,TZM,Unit_01,LV,EURO6,Tranzurban,43,63,63,43,32,36,36,32,11888,Yes,Yes,No,12800,BCI,Cityrider,LME509,,Active,3454LME509
3500,TGL,TZM,Unit_01,DD,EURO6,Tranzurban,84,125,125,84,18,22,22,18,15180,Yes,Yes,Yes,12800,BCI,Double Deck,LLC95,,Active,3500LLC95
3501,TGL,TZM,Unit_01,DD,EURO6,Tranzurban,84,125,125,84,18,22,22,18,14453,Yes,Yes,Yes,12800,BCI,Double Deck,LME492,,Active,3501LME492
3502,TGL,TZM,Unit_01,DD,EURO6,Tranzurban,84,125,125,84,18,22,22,18,15180,Yes,Yes,Yes,12800,BCI,Double Deck,LME491,,Active,3502LME491
3503,TGL,TZM,Unit_01,DD,EURO6,Tranzurban,84,125,125,84,18,22,22,18,14596,Yes,Yes,Yes,12800,BCI,Double Deck,LME511,,Active,3503LME511
3504,TGL,TZM,Unit_01,DD,EURO6,Tranzurban,84,125,125,84,18,22,22,18,15160,Yes,Yes,Yes,12800,BCI,Double Deck,LME553,,Active,3504LME553
3505,TGL,TZM,Unit_01,DD,EURO6,Tranzurban,84,125,125,84,18,22,22,18,14703,Yes,Yes,Yes,12800,BCI,Double Deck,LME486,,Active,3505LME486
3506,TGL,TZM,Unit_01,DD,EURO6,Tranzurban,84,125,125,84,18,22,22,18,14703,Yes,Yes,Yes,12800,BCI,Double Deck,LME486,,Active,3506LME486
3507,TGL,TZM,Unit_01,DD,EURO6,Tranzurban,84,125,125,84,18,22,22,18,14741,Yes,Yes,Yes,12800,BCI,Double Deck,LME536,,Active,3507LME536
3508,TGL,TZM,Unit_01,DD,EURO6,Tranzurban,84,125,125,84,18,22,22,18,14650,Yes,Yes,Yes,12800,BCI,Double Deck,LME547,,Active,3508LME547
3509,TGL,TZM,Unit_01,DD,EURO6,Tranzurban,84,125,125,84,18,22,22,18,14940,Yes,Yes,Yes,12800,BCI,Double Deck,LLC93,,Active,3509LLC93
3510,TGL,TZM,Unit_01,DD,EURO6,Tranzurban,84,125,125,84,18,22,22,18,14940,Yes,Yes,Yes,12800,BCI,Double Deck,LME520,,Active,3510LME520
3511,TGL,TZM,Unit_01,DD,EURO6,Tranzurban,84,125,125,84,18,22,22,18,14643,Yes,Yes,Yes,12800,BCI,Double Deck,LME557,,Active,3511LME557
3512,TGL,TZM,Unit_01,DD,EURO6,Tranzurban,84,125,125,84,18,22,22,18,14678,Yes,Yes,Yes,12800,BCI,Double Deck,LME555,,Active,3512LME555
3513,TGL,TZM,Unit_01,DD,EURO6,Tranzurban,84,125,125,84,18,22,22,18,14960,Yes,Yes,Yes,12800,BCI,Double Deck,LME484,,Active,3513LME484
3514,TGL,TZM,Unit_01,DD,EURO6,Tranzurban,84,125,125,84,18,22,22,18,14629,Yes,Yes,Yes,12800,BCI,Double Deck,LME522,,Active,3514LME522
3515,TGL,TZM,Unit_01,DD,EURO6,Tranzurban,84,125,125,84,18,22,22,18,14559,Yes,Yes,Yes,12800,BCI,Double Deck,LME560,,Active,3515LME560
3516,TGL,TZM,Unit_01,DD,EURO6,Tranzurban,84,125,125,84,18,22,22,18,14651,Yes,Yes,Yes,12800,BCI,Double Deck,LME554,,Active,3516LME554
3517,TGL,TZM,Unit_01,DD,EURO6,Tranzurban,84,125,125,84,18,22,22,18,14940,Yes,Yes,Yes,12800,BCI,Double Deck,LNN755,,Active,3517LNN755
3518,TGL,TZM,Unit_01,DD,EURO6,Tranzurban,84,125,125,84,18,22,22,18,14950,Yes,Yes,Yes,12800,BCI,Double Deck,LME940,,Active,3518LME940
3519,TGL,TZM,Unit_01,DD,EURO6,Tranzurban,84,125,125,84,18,22,22,18,14920,Yes,Yes,Yes,12800,BCI,Double Deck,LLC82,,Active,3519LLC82
3520,TGL,TZM,Unit_01,DD,EURO6,Tranzurban,84,125,125,84,18,22,22,18,14940,Yes,Yes,Yes,12800,BCI,Double Deck,LME532,,Active,3520LME532
3521,TGL,TZM,Unit_01,DD,EURO6,Tranzurban,84,125,125,84,18,22,22,18,14980,Yes,Yes,Yes,12800,BCI,Double Deck,LME558,,Active,3521LME558
3522,TGL,TZM,Unit_01,DD,EURO6,Tranzurban,84,125,125,84,18,22,22,18,14940,Yes,Yes,Yes,12800,BCI,Double Deck,LME487,,Active,3522LME487
3523,TGL,TZM,Unit_01,DD,EURO6,Tranzurban,84,125,125,84,18,22,22,18,14920,Yes,Yes,Yes,12800,BCI,Double Deck,LME519,,Active,3523LME519
3524,TGL,TZM,Unit_01,DD,EURO6,Tranzurban,84,125,125,84,18,22,22,18,14960,Yes,Yes,Yes,12800,BCI,Double Deck,LLC94,,Active,3524LLC94
3525,TGL,TZM,Unit_01,DD,EURO6,Tranzurban,84,125,125,84,18,22,22,18,14864,Yes,Yes,Yes,12800,BCI,Double Deck,LME521,,Active,3525LME521
3526,TGL,TZM,Other,DD,EURO6,Tranzurban,84,125,125,84,18,22,22,18,14940,Yes,Yes,Yes,12800,BCI,Double Deck,LLC97,,Active,3526LLC97
3527,TGL,TZM,Other,DD,EURO6,Tranzurban,84,125,125,84,18,22,22,18,14960,Yes,Yes,Yes,12800,BCI,Double Deck,LME528,,Active,3527LME528
3700,TGL,TZM,Unit_01,LV,ELECTRIC,Tranzurban,68,99,99,68,16,19,19,16,12000,Yes,Yes,No,10500,TEG,EVDD,LKT638,,Active,3700LKT638
3701,TGL,TZM,Unit_01,LV,ELECTRIC,Tranzurban,68,99,99,69,16,19,19,16,12000,Yes,Yes,No,10500,TEG,EVDD,LMN429,,Active,3701LMN429
3702,TGL,TZM,Unit_01,LV,ELECTRIC,Tranzurban,68,99,99,68,16,19,19,16,12810,Yes,Yes,No,10500,TEG,EVDD,LMN420,,Active,3702LMN420
3703,TGL,TZM,Unit_01,LV,ELECTRIC,Tranzurban,68,99,99,68,16,19,19,16,12070,Yes,Yes,No,10500,TEG,EVDD,LNB372,,Active,3703LNB372
3704,TGL,TZM,Unit_01,LV,ELECTRIC,Tranzurban,68,99,99,68,16,19,19,16,11960,Yes,Yes,No,10500,TEG,EVDD,LNB362,,Active,3704LNB362
3705,TGL,TZM,Unit_01,LV,ELECTRIC,Tranzurban,68,99,99,68,16,19,19,16,11980,Yes,Yes,No,10500,TEG,EVDD,LNB367,,Active,3705LNB367
3706,TGL,TZM,Unit_01,LV,ELECTRIC,Tranzurban,68,99,99,68,16,19,19,16,12020,Yes,Yes,No,10500,TEG,EVDD,LPN734,,Active,3706LPN734
3707,TGL,TZM,Unit_01,LV,ELECTRIC,Tranzurban,68,99,99,68,16,19,19,16,12020,Yes,Yes,No,10500,TEG,EVDD,LPN737,,Active,3707LPN737
3708,TGL,TZM,Unit_01,LV,ELECTRIC,Tranzurban,68,99,99,68,16,19,19,16,12040,Yes,Yes,No,10500,TEG,EVDD,LPN758,,Active,3708LPN758
3709,TGL,TZM,Unit_01,LV,ELECTRIC,Tranzurban,68,99,99,68,16,19,19,16,12050,Yes,Yes,No,10500,TEG,EVDD,LTD252,,Active,3709LTD252
3817,TGL,TZM,,MV,EURO5,Tranzurban,,,,,,,,,10140,,,,,BCI,Cityrider,GGJ179,,Active,3817GGJ179
3826,TGL,TZM,,MV,EURO4,Tranzurban,,,,,,,,,8900,,,,,MAN,14/240,GNY331,,Active,3826GNY331
3834,TGL,TZM,,SV,EURO4,Tranzurban,,,,,,,,,8010,,,,,Dennis,Dart,GPN697,,Active,3834GPN697
3859,TGL,TZM,,SV,EURO4,Tranzurban,,,,,,,,,7000,,,,,,,,,Active,3859
3905,TGL,TZM,Unit_15,MV,EURO6,Tranzurban,33,48,48,33,22,28,28,24,7560,Yes,Yes,No,10800,Optare,MetroCity,LHG30,10/08/2018,Inactive,3905LHG30
3999,TGL,TZM,Unit_15,MV,EURO6,Tranzurban,33,48,48,33,22,28,28,20,7560,Yes,No,No,10800,Optare,MetroCity,LHG30,10/08/2018,Inactive,3999LHG30
4091,NZB,NBM,Unit_02,MV,EURO5,NZ Bus,37,54,54,37,18,24,24,21,8700,Yes,,No,11318,ADL,E200,GFK484,,Active,4091GFK484
4092,NZB,NBM,Unit_02,MV,EURO5,NZ Bus,37,54,54,37,18,24,24,21,8700,Yes,,No,11318,ADL,E200,GFK497,,Active,4092GFK497
4130,NZB,NBM,Unit_02,MV,EURO5,NZ Bus,37,54,54,37,18,24,24,21,8700,Yes,,No,11318,ADL,E200,GJR31,28/08/2019,Inactive,4130GJR31
4131,NZB,NBM,Unit_02,MV,EURO5,NZ Bus,37,54,54,37,18,24,24,21,8700,Yes,,No,11318,ADL,E200,GJR36,,Active,4131GJR36
4132,NZB,NBM,Unit_02,MV,EURO5,NZ Bus,37,54,54,37,18,24,24,21,8700,Yes,,No,11318,ADL,E200,GJY891,,Active,4132GJY891
4133,NZB,NBM,Unit_02,MV,EURO5,NZ Bus,37,54,54,37,18,24,24,21,8700,Yes,,No,11318,ADL,E200,GJY892,,Active,4133GJY892
4134,NZB,NBM,Unit_03,MV,EURO5,NZ Bus,37,54,54,37,18,24,24,21,8700,Yes,,No,11318,ADL,E200,GJY894,,Active,4134GJY894
4135,NZB,NBM,Unit_03,MV,EURO5,NZ Bus,37,54,54,37,18,24,24,21,8700,Yes,,No,11318,ADL,E200,GKH726,,Active,4135GKH726
4136,NZB,NBM,Unit_03,MV,EURO5,NZ Bus,37,54,54,37,18,24,24,21,8700,Yes,,No,11318,ADL,E200,GKH731,,Active,4136GKH731
4137,NZB,NBM,Unit_03,MV,EURO5,NZ Bus,37,54,54,37,18,24,24,21,8700,Yes,,No,11318,ADL,E200,GKH732,,Active,4137GKH732
4138,NZB,NBM,Unit_03,MV,EURO5,NZ Bus,37,54,54,37,18,24,24,21,8700,Yes,,No,11318,ADL,E200,GKH734,,Active,4138GKH734
4139,NZB,NBM,Unit_03,MV,EURO5,NZ Bus,37,54,54,37,18,24,24,21,8700,Yes,,No,11318,ADL,E200,GKQ574,,Active,4139GKQ574
4140,NZB,NBM,Unit_03,MV,EURO5,NZ Bus,37,54,54,37,18,24,24,21,8700,Yes,,No,11318,ADL,E200,GKQ575,18/12/2018,Inactive,4140GKQ575
4141,NZB,NBM,Unit_06,MV,EURO5,NZ Bus,37,54,54,37,18,24,24,21,8700,Yes,,No,11318,ADL,E200,GKQ576,18/12/2018,Inactive,4141GKQ576
4142,NZB,NBM,Unit_05,MV,EURO5,NZ Bus,37,54,54,37,18,24,24,21,8700,Yes,,No,11318,ADL,E200,GLB390,,Active,4142GLB390
4143,NZB,NBM,Unit_06,MV,EURO5,NZ Bus,37,54,54,37,18,24,24,21,8700,Yes,,No,11318,ADL,E200,GLB392,,Active,4143GLB392
4144,NZB,NBM,Unit_06,MV,EURO5,NZ Bus,37,54,54,37,18,24,24,21,8700,Yes,,No,11318,ADL,E200,GLB393,,Active,4144GLB393
4145,NZB,NBM,,MV,EURO5,NZ Bus,37,54,54,37,18,25,25,21,8700,Yes,,No,11318,ADL,E200,GLB395,,Active,4145GLB395
4146,NZB,NBM,,MV,EURO5,NZ Bus,37,54,54,37,18,24,24,21,8700,Yes,,No,11318,ADL,E200,,,Active,4146
4180,NZB,NBM,Unit_02,MV,EURO5,NZ Bus,37,54,54,37,18,24,24,21,8700,Yes,,No,11318,ADL,E200,GPN816,,Active,4180GPN816
4181,NZB,NBM,Unit_02,MV,EURO5,NZ Bus,37,54,54,37,18,24,24,21,8700,Yes,,No,11318,ADL,E200,GPZ182,,Active,4181GPZ182
4182,NZB,NBM,Unit_02,MV,EURO5,NZ Bus,37,54,54,37,18,24,24,21,8700,Yes,,No,11318,ADL,E200,GPZ183,,Active,4182GPZ183
4183,NZB,NBM,Unit_02,MV,EURO5,NZ Bus,37,54,54,37,18,24,24,21,8700,Yes,,No,11318,ADL,E200,GPZ190,,Active,4183GPZ190
4184,NZB,NBM,Unit_02,MV,EURO5,NZ Bus,37,54,54,37,18,24,24,21,8700,Yes,,No,11318,ADL,E200,GPZ191,,Active,4184GPZ191
4185,NZB,NBM,Unit_02,MV,EURO5,NZ Bus,37,54,54,37,18,24,24,21,8700,Yes,,No,11318,ADL,E200,GPZ199,,Active,4185GPZ199
4186,NZB,NBM,Unit_05,MV,EURO5,NZ Bus,37,54,54,37,18,24,24,21,8700,Yes,,No,11318,ADL,E200,GQK709,,Active,4186GQK709
4188,NZB,NBM,Unit_05,MV,EURO5,NZ Bus,37,54,54,37,18,24,24,21,8700,Yes,,No,11318,ADL,E200,GQU11,,Active,4188GQU11
4190,NZB,NBM,Unit_05,MV,EURO5,NZ Bus,37,54,54,37,18,24,24,21,8700,Yes,,No,11318,ADL,E200,GQU19,,Active,4190GQU19
4191,NZB,NBM,Unit_05,MV,EURO5,NZ Bus,37,54,54,37,18,24,24,21,8700,Yes,,No,11318,ADL,E200,GRB912,,Active,4191GRB912
4192,NZB,NBM,Unit_05,MV,EURO5,NZ Bus,37,54,54,37,18,24,24,21,8700,Yes,,No,11318,ADL,E200,GRB915,,Active,4192GRB915
4193,NZB,NBM,Unit_05,MV,EURO5,NZ Bus,37,54,54,37,18,24,24,21,8700,Yes,,No,11318,ADL,E200,GRJ55,,Active,4193GRJ55
4194,NZB,NBM,Unit_03,MV,EURO5,NZ Bus,37,54,54,37,18,24,24,21,8700,Yes,,No,11318,ADL,E200,GRJ58,,Active,4194GRJ58
4195,NZB,NBM,Unit_03,MV,EURO5,NZ Bus,37,54,54,37,18,24,24,21,8700,Yes,,No,11318,ADL,E200,GRT788,,Active,4195GRT788
4196,NZB,NBM,Unit_03,MV,EURO5,NZ Bus,37,54,54,37,18,24,24,21,8700,Yes,,No,11318,ADL,E200,GRT783,,Active,4196GRT783
4197,NZB,NBM,Unit_03,MV,EURO5,NZ Bus,37,54,54,37,18,24,24,21,8700,Yes,,No,11318,ADL,E200,GRT789,,Active,4197GRT789
4198,NZB,NBM,Unit_03,MV,EURO5,NZ Bus,37,54,54,37,18,24,24,21,8700,Yes,,No,11318,ADL,E200,GRT797,,Active,4198GRT797
4199,NZB,NBM,Unit_05,MV,EURO5,NZ Bus,37,54,54,37,18,24,24,21,8700,Yes,,No,11318,ADL,E200,GRT798,18/12/2018,Inactive,4199GRT798
4223,NZB,NBM,Unit_12,MV,EURO5,NZ Bus,37,54,54,37,18,24,24,21,8700,Yes,Yes,No,11318,ADL,E200,GUU621,,Active,4223GUU621
4224,NZB,NBM,Unit_12,MV,EURO5,NZ Bus,37,54,54,37,18,24,24,21,8700,Yes,Yes,No,11318,ADL,E200,GUU626,18/12/2018,Inactive,4224GUU626
4225,NZB,NBM,Unit_12,MV,EURO5,NZ Bus,37,54,54,37,18,24,24,21,8700,Yes,Yes,No,11318,ADL,E200,GUU632,18/12/2018,Inactive,4225GUU632
4226,NZB,NBM,Unit_06,MV,EURO5,NZ Bus,37,54,54,37,18,24,24,21,8700,Yes,,No,11318,ADL,E200,GUU636,18/12/2018,Inactive,4226GUU636
5078,NZB,NBM,,DD,EURO5,NZ Bus,91,136,136,91,10,12,12,10,14750,,,,,ADL,E500,LZZ702,,Active,5078LZZ702
5079,NZB,NBM,,DD,EURO5,NZ Bus,91,136,136,91,10,12,12,10,14445,,,,,ADL,E500,MAH5,,Active,5079MAH5
5080,NZB,NBM,,DD,EURO5,NZ Bus,91,136,136,91,10,12,12,10,14700,,,,,ADL,E500,MAH26,,Active,5080MAH26
5081,NZB,NBM,,DD,EURO5,NZ Bus,91,136,136,91,10,12,12,10,14750,,,,,ADL,E500,LZZ703,,Active,5081LZZ703
5082,NZB,NBM,,DD,EURO5,NZ Bus,91,136,136,91,10,12,12,10,14750,,,,,ADL,E500,LZZ704,,Active,5082LZZ704
5083,NZB,NBM,,DD,EURO5,NZ Bus,91,136,136,91,10,12,12,10,15050,,,,,ADL,E500,MAH27,,Active,5083MAH27
5084,NZB,NBM,,DD,EURO5,NZ Bus,91,136,136,91,10,12,12,10,14850,,,,,ADL,E500,MAH28,,Active,5084MAH28
5085,NZB,NBM,,DD,EURO5,NZ Bus,91,136,136,91,10,12,12,10,14800,,,,,ADL,E500,LZZ705,,Active,5085LZZ705
5086,NZB,NBM,,DD,EURO5,NZ Bus,91,136,136,91,10,12,12,10,14750,,,,,ADL,E500,MAH6,,Active,5086MAH6
5087,NZB,NBM,,DD,EURO5,NZ Bus,91,136,136,91,10,12,12,10,14700,,,,,ADL,E500,LZZ706,,Active,5087LZZ706
5088,NZB,NBM,,DD,EURO5,NZ Bus,91,136,136,91,10,12,12,10,14850,,,,,ADL,E500,MAH7,,Active,5088MAH7
5089,NZB,NBM,,DD,EURO5,NZ Bus,91,136,136,91,10,12,12,10,14800,,,,,ADL,E500,LZZ707,,Active,5089LZZ707
5090,NZB,NBM,,DD,EURO5,NZ Bus,91,136,136,91,10,12,12,10,14550,,,,,ADL,E500,LZZ708,,Active,5090LZZ708
5091,NZB,NBM,,DD,EURO5,NZ Bus,91,136,136,91,10,12,12,10,14485,,,,,ADL,E500,MAH9,,Active,5091MAH9
5092,NZB,NBM,,DD,EURO5,NZ Bus,91,136,136,91,10,12,12,10,14750,,,,,ADL,E500,LZZ709,,Active,5092LZZ709
5093,NZB,NBM,,DD,EURO5,NZ Bus,91,136,136,91,10,12,12,10,14750,,,,,ADL,E500,LZZ710,,Active,5093LZZ710
5094,NZB,NBM,,DD,EURO5,NZ Bus,91,136,136,91,10,12,12,10,14900,,,,,ADL,E500,MAH8,,Active,5094MAH8
7123,MCS,MNM,Unit_08,LV,EURO3,Mana,47,49,49,47,25,28,28,25,9540,Yes,,No,,Volvo,B7R,CDW675,4/03/2019,Inactive,7123CDW675
7124,MCS,MNM,Unit_08,LV,EURO3,Mana,47,49,49,47,25,28,28,25,9560,Yes,,No,,Volvo,B7R,BWM694,,Active,7124BWM694
7125,MCS,MNM,Unit_08,LV,EURO3,Mana,47,49,49,47,25,28,28,25,9540,Yes,,No,,Volvo,B7R,BYF543,4/03/2019,Inactive,7125BYF543
7126,MCS,MNM,Unit_08,LV,EURO2,Mana,47,49,49,47,26,29,29,26,9500,Yes,,No,,Volvo,B7R,BEC855,4/03/2019,Inactive,7126BEC855
7127,MCS,MNM,Unit_08,LV,EURO2,Mana,47,49,49,47,24,29,29,24,9480,Yes,,No,,Volvo,B7R,BDZ143,4/03/2019,Inactive,7127BDZ143
7128,MCS,MNM,Unit_08,LV,EURO2,Mana,47,49,49,47,24,29,29,24,9500,Yes,,No,,Volvo,B7R,DMZ217,29/01/2019,Inactive,7128DMZ217
7129,MCS,MNM,,MV,EURO2,Mana,47,49,49,47,24,29,29,24,9520,Yes,,No,,Volvo,B7R,BFE760,29/01/2019,Inactive,7129BFE760
7146,MCS,MNM,Unit_08,LV,EURO3,Mana,47,49,49,47,24,28,28,24,9520,Yes,,No,,Volvo,B7R,DAG246,,Active,7146DAG246
7147,MCS,MNM,Unit_08,LV,EURO3,Mana,47,49,49,47,24,28,28,24,9580,Yes,,No,,Volvo,B7R,CZW629,,Active,7147CZW629
7150,MCS,MNM,Unit_08,LV,EURO4,Mana,51,77,77,51,29,34,34,29,10900,Yes,,No,,Volvo,B7R,ERH576,,Active,7150ERH576
7151,MCS,MNM,Unit_08,LV,EURO4,Mana,51,77,77,51,29,34,34,29,10900,Yes,,No,,Volvo,B7R,ESB348,,Active,7151ESB348
7152,MCS,MNM,Unit_08,LV,EURO4,Mana,51,77,77,51,29,34,34,29,10740,Yes,,No,,Volvo,B7R,ESB369,,Active,7152ESB369
7153,MCS,MNM,Unit_08,LV,EURO4,Mana,45,45,45,45,35,39,39,35,10800,Yes,,No,13000,Volvo,B7R LE,ETD76,,Active,7153ETD76
7154,MCS,MNM,Unit_08,LV,EURO4,Mana,45,45,45,45,35,39,39,35,10800,Yes,,No,13000,Volvo,B7R LE,ETD137,,Active,7154ETD137
7155,MCS,MNM,Unit_08,LV,EURO4,Mana,45,45,45,45,35,39,39,35,10800,Yes,,No,13000,Volvo,B7R LE,ETY197,,Active,7155ETY197
7156,MCS,MNM,Unit_08,LV,EURO4,Mana,45,45,45,45,35,39,39,35,10800,Yes,,No,13000,Volvo,B7R LE,EUT716,,Active,7156EUT716
7157,MCS,MNM,Unit_08,LV,EURO4,Mana,45,45,45,45,35,39,39,35,10800,Yes,,No,13000,Volvo,B7R LE,EWF927,,Active,7157EWF927
7161,MCS,MNM,Unit_18,LV,EURO5,Mana,48,48,48,48,36,41,41,36,11750,Yes,,No,13500,SCANIA,K280,FAW17,,Active,7161FAW17
7162,MCS,MNM,Unit_18,LV,EURO5,Mana,48,48,48,48,36,41,41,36,11750,Yes,,No,13500,SCANIA,K280,FAW20,,Active,7162FAW20
7163,MCS,MNM,Unit_18,LV,EURO5,Mana,48,48,48,48,36,41,41,36,11750,Yes,,No,13500,SCANIA,K280,FBP22,,Active,7163FBP22
7164,MCS,MNM,Unit_18,LV,EURO5,Mana,48,48,48,48,36,41,41,36,11750,Yes,,No,13500,SCANIA,K280,FBP38,,Active,7164FBP38
7165,MCS,MNM,Unit_18,LV,EURO5,Mana,48,48,48,48,36,41,41,36,11750,Yes,,No,13500,SCANIA,K280,FBP39,,Active,7165FBP39
7166,MCS,MNM,Unit_18,LV,EURO5,Mana,48,48,48,48,36,41,41,36,11750,Yes,,No,13500,SCANIA,K280,FEQ141,,Active,7166FEQ141
7167,MCS,MNM,Unit_18,LV,EURO5,Mana,48,48,48,48,36,41,41,36,11750,Yes,,No,13500,SCANIA,K280,FEQ144,,Active,7167FEQ144
7172,MCS,MNM,Unit_18,MV,EURO5,Mana,48,71,71,48,23,26,26,23,13040,Yes,,No,,SCANIA,K280,FSN199,,Active,7172FSN199
7173,MCS,MNM,Unit_18,MV,EURO5,Mana,48,71,71,48,23,26,26,23,12970,Yes,,No,,SCANIA,K280,FTN600,,Active,7173FTN600
7429,MCS,MNM,Unit_18,MV,EURO6,Mana,38,56,56,38,19,26,26,19,8565,No,,No,,ADL,E200,LLS738,1/10/2018,Inactive,7429LLS738
7430,MCS,MNM,Unit_18,MV,EURO6,Mana,38,56,56,38,19,26,26,19,8565,No,,No,,ADL,E200,LLS740,1/10/2018,Inactive,7430LLS740
7440,MCS,MNM,Unit_08,LV,EURO6,Mana,45,67,67,45,38,40,40,38,9835,No,,No,,ADL,E200,LLM363,31/07/2018,Inactive,7440LLM363
7441,MCS,MNM,Unit_08,LV,EURO6,Mana,45,67,67,45,38,40,40,38,9870,No,,No,,ADL,E200,LME25,1/10/2018,Inactive,7441LME25
7442,MCS,MNM,Unit_08,LV,EURO6,Mana,45,67,67,45,38,40,40,38,9880,No,,No,,ADL,E200,LLM364,31/07/2018,Inactive,7442LLM364
7501,MCS,MNM,Unit_18,MV,EURO6,Mana,38,47,47,38,18,23,23,18,8695,Yes,,No,11830,ADL,E200,LRH16,,Active,7501LRH16
7502,MCS,MNM,Unit_18,MV,EURO6,Mana,38,47,47,38,18,23,23,18,8720,Yes,,No,11830,ADL,E200,LRH17,,Active,7502LRH17
7600,MCS,MNM,Unit_08,DD,EURO6,Mana,91,136,136,91,10,12,12,10,14928,Yes,,Yes,12500,ADL,E500,LMW903,,Active,7600LMW903
7601,MCS,MNM,Unit_08,DD,EURO6,Mana,91,136,136,91,10,12,12,10,14928,Yes,,Yes,12500,ADL,E500,LWM904,,Active,7601LWM904
7602,MCS,MNM,Unit_08,DD,EURO6,Mana,91,136,136,91,10,12,12,10,14928,Yes,,Yes,12500,ADL,E500,LWM905,,Active,7602LWM905
7603,MCS,MNM,Unit_08,DD,EURO6,Mana,91,136,136,91,10,12,12,10,14928,Yes,,Yes,12500,ADL,E500,LYK271,,Active,7603LYK271
7604,MCS,MNM,Unit_08,DD,EURO6,Mana,91,136,136,91,10,12,12,10,14928,Yes,,Yes,12500,ADL,E500,LWM906,,Active,7604LWM906
7605,MCS,MNM,Unit_08,DD,EURO6,Mana,91,136,136,91,10,12,12,10,14928,Yes,,Yes,12500,ADL,E500,LWM907,,Active,7605LWM907
7800,MCS,MNM,Unit_08,LV,EURO6,Mana,45,61,61,45,38,40,40,38,7828,Yes,,No,12750,ADL,E200,LMM579,,Active,7800LMM579
7801,MCS,MNM,Unit_08,LV,EURO6,Mana,45,61,61,45,38,40,40,38,7828,Yes,,No,12750,ADL,E200,LMM578,,Active,7801LMM578
7802,MCS,MNM,Unit_08,LV,EURO6,Mana,45,61,61,45,38,40,40,38,7828,Yes,,No,12750,ADL,E200,LMW310,,Active,7802LMW310
7803,MCS,MNM,Unit_08,LV,EURO6,Mana,45,61,61,45,38,40,40,38,7828,Yes,,No,12750,ADL,E200,LMW285,,Active,7803LMW285
7804,MCS,MNM,Unit_08,LV,EURO6,Mana,45,61,61,45,38,40,40,38,7828,Yes,,No,12750,ADL,E200,LMW286,,Active,7804LMW286
9000,UZA,UZM,Unit_14,LV,EURO5,Uzabus,40,58,58,40,35,40,40,35,11530,Yes,Yes,No,12600,Youngman,JNP6130GR,LQH772,,Active,9000LQH772
9001,UZA,UZM,Unit_14,LV,EURO5,Uzabus,40,58,58,40,35,40,40,35,11580,Yes,Yes,No,12600,Youngman,JNP6130GR,LQH773,,Active,9001LQH773
9002,UZA,UZM,Unit_14,LV,EURO5,Uzabus,40,58,58,40,35,40,40,35,11530,Yes,Yes,No,12600,Youngman,JNP6130GR,LQH774,,Active,9002LQH774
9003,UZA,UZM,Unit_14,LV,EURO5,Uzabus,40,58,58,40,35,40,40,35,11530,Yes,Yes,No,12600,Youngman,JNP6130GR,LQH775,,Active,9003LQH775
9004,UZA,UZM,Unit_14,LV,EURO5,Uzabus,40,58,58,40,35,40,40,35,11530,Yes,Yes,No,12600,Youngman,JNP6130GR,LQH776,,Active,9004LQH776
9005,UZA,UZM,Unit_14,LV,EURO5,Uzabus,40,58,58,40,35,40,40,35,11530,Yes,Yes,No,12600,Youngman,JNP6130GR,LQH777,,Active,9005LQH777
9006,UZA,UZM,Unit_14,LV,EURO5,Uzabus,40,58,58,40,35,40,40,35,11530,Yes,Yes,No,12600,Youngman,JNP6130GR,LQH778,,Active,9006LQH778
9007,UZA,UZM,Unit_14,MV,EURO6,Uzabus,29,40,40,29,22,27,27,24,7820,Yes,Yes,No,9610,Wrightbus,Streetlite 9.5 (WF),LLZ772,,Active,9007LLZ772
9008,UZA,UZM,Unit_14,MV,EURO6,Uzabus,29,40,40,29,22,27,27,24,7820,Yes,Yes,No,9610,Wrightbus,Streetlite 9.5 (WF),LMQ677,,Active,9008LMQ677
9009,UZA,UZM,Unit_14,MV,EURO6,Uzabus,29,40,40,29,22,27,27,24,7820,Yes,Yes,No,9610,Wrightbus,Streetlite 9.5 (WF),LLS691,,Active,9009LLS691
9010,UZA,UZM,Unit_14,MV,EURO6,Uzabus,29,40,40,29,22,27,27,24,7820,Yes,Yes,No,9610,Wrightbus,Streetlite 9.5 (WF),LMQ674,,Active,9010LMQ674
9011,UZA,UZM,Unit_14,MV,EURO6,Uzabus,29,40,40,29,22,27,27,24,7820,Yes,Yes,No,9610,Wrightbus,Streetlite 9.5 (WF),LLZ701,,Active,9011LLZ701
9012,UZA,UZM,Unit_14,MV,EURO6,Uzabus,29,40,40,29,22,27,27,24,7820,Yes,Yes,No,9610,Wrightbus,Streetlite 9.5 (WF),LLS693,,Active,9012LLS693
9013,UZA,UZM,Unit_14,MV,EURO6,Uzabus,29,40,40,29,22,27,27,24,7820,Yes,Yes,No,9610,Wrightbus,Streetlite 9.5 (WF),LLS692,,Active,9013LLS692
9014,UZA,UZM,Unit_14,MV,EURO6,Uzabus,29,40,40,29,22,27,27,24,7820,Yes,Yes,No,9610,Wrightbus,Streetlite 9.5 (WF),LLZ703,,Active,9014LLZ703
9015,UZA,UZM,Unit_14,MV,EURO6,Uzabus,29,40,40,29,22,27,27,24,7820,Yes,Yes,No,9610,Wrightbus,Streetlite 9.5 (WF),LMK400,,Active,9015LMK400
9016,UZA,UZM,Unit_14,MV,EURO6,Uzabus,29,40,40,29,22,27,27,24,7820,Yes,Yes,No,9610,Wrightbus,Streetlite 9.5 (WF),LLZ773,,Active,9016LLZ773
9017,UZA,UZM,Unit_14,MV,EURO6,Uzabus,29,40,40,29,22,27,27,24,7820,Yes,Yes,No,9610,Wrightbus,Streetlite 9.5 (WF),LMQ667,,Active,9017LMQ667
9018,UZA,UZM,Unit_14,MV,EURO6,Uzabus,29,40,40,29,22,27,27,24,7820,Yes,Yes,No,9610,Wrightbus,Streetlite 9.5 (WF),LMQ668,,Active,9018LMQ668
9019,UZA,UZM,Unit_14,MV,EURO6,Uzabus,29,40,40,29,22,27,27,24,7820,Yes,Yes,No,9610,Wrightbus,Streetlite 9.5 (WF),LLZ702,,Active,9019LLZ702
9020,UZA,UZM,Unit_14,MV,EURO6,Uzabus,29,40,40,29,22,27,27,24,7820,Yes,Yes,No,9610,Wrightbus,Streetlite 9.5 (WF),LLZ774,,Active,9020LLZ774
9021,UZA,UZM,Unit_14,MV,EURO5,Uzabus,,,,,,,,,8000,,,,,,,,,Active,9021
9022,UZA,UZM,Unit_14,MV,EURO3,Uzabus,45,67,67,45,16,19,19,17,8060,No,No,No,11500,MAN,12/223,CJJ611,18/09/2018,Inactive,9022CJJ611
9023,UZA,UZM,Unit_14,MV,EURO3,Uzabus,45,67,67,45,16,19,19,17,8060,No,No,No,11500,MAN,12/223,CJP97,18/09/2018,Inactive,9023CJP97
9024,UZA,UZM,Unit_14,MV,EURO3,Uzabus,45,67,67,45,16,19,19,17,8060,No,No,No,11500,MAN,12/223,CJZ401,17/09/2018,Inactive,9024CJZ401
9025,UZA,UZM,Unit_14,MV,EURO3,Uzabus,45,67,67,45,16,19,19,17,8060,No,No,No,11500,MAN,12/223,CFH436,18/09/2018,Inactive,9025CFH436
9026,UZA,UZM,Unit_14,MV,EURO3,Uzabus,45,67,67,45,16,19,19,17,8060,No,No,No,11500,MAN,12/223,CKJ343,18/09/2018,Inactive,9026CKJ343
9027,UZA,UZM,Unit_14,MV,EURO3,Uzabus,45,67,67,45,16,19,19,17,8060,No,No,No,11500,MAN,12/223,CJP93,18/09/2018,Inactive,9027CJP93
9028,UZA,UZM,Unit_14,LV,EURO3,Uzabus,47,49,49,47,26,29,29,26,8060,Yes,No,No,11500,Volvo,B7R,BDS588,18/09/2018,Inactive,9028BDS588
9029,UZA,UZM,Unit_14,LV,EURO3,Uzabus,47,49,49,47,26,29,29,26,8060,Yes,No,No,11500,Volvo,B7R,BDS600,18/09/2018,Inactive,9029BDS600
9030,UZA,UZM,Unit_14,LV,EURO3,Uzabus,47,47,47,47,23,24,24,23,8060,Yes,No,No,11500,Youngman,JNP6130G,ETF686,18/09/2018,Inactive,9030ETF686
B0901,NZB,NBM,Unit_12,LV61,EURO3,NZ Bus,45,67,67,45,16,19,19,17,8050,Yes,Yes,No,11200,MAN,12/223,CDN359,14/03/2019,Inactive,B0901CDN359
B0902,NZB,NBM,Unit_12,LV61,EURO3,NZ Bus,45,67,67,45,16,19,19,17,8050,Yes,Yes,No,11200,MAN,12/223,CDN360,14/03/2019,Inactive,B0902CDN360
B0903,NZB,NBM,Unit_12,LV61,EURO3,NZ Bus,45,67,67,45,16,19,19,17,8050,Yes,Yes,No,11200,MAN,12/223,CER435,4/03/2019,Inactive,B0903CER435
B0904,NZB,NBM,Unit_12,LV61,EURO3,NZ Bus,45,67,67,45,16,19,19,17,8050,Yes,Yes,No,11200,MAN,12/223,CFA182,1/03/2019,Inactive,B0904CFA182
B0905,NZB,NBM,Unit_12,LV61,EURO3,NZ Bus,45,67,67,45,16,19,19,17,8050,Yes,Yes,No,11200,MAN,12/223,CFY844,4/03/2019,Inactive,B0905CFY844
B0906,NZB,NBM,Unit_12,LV61,EURO3,NZ Bus,45,67,67,45,16,19,19,17,8050,Yes,Yes,No,11200,MAN,12/223,CFY855,1/03/2019,Inactive,B0906CFY855
B0907,NZB,NBM,Unit_12,LV61,EURO3,NZ Bus,45,67,67,45,16,19,19,17,8050,Yes,Yes,No,11200,MAN,12/223,CFY858,4/03/2019,Inactive,B0907CFY858
B0908,NZB,NBM,Unit_12,LV61,EURO3,NZ Bus,45,67,67,45,16,19,19,17,8050,Yes,Yes,No,11200,MAN,12/223,CHW255,1/03/2019,Inactive,B0908CHW255
B0909,NZB,NBM,Unit_12,LV61,EURO3,NZ Bus,45,67,67,45,16,19,19,17,8050,Yes,Yes,No,11200,MAN,12/223,CHW258,4/03/2019,Inactive,B0909CHW258
B0910,NZB,NBM,Unit_12,LV61,EURO3,NZ Bus,45,67,67,45,16,19,19,17,8050,Yes,Yes,No,11200,MAN,12/223,CHW259,4/03/2019,Inactive,B0910CHW259
B1011,NZB,NBM,Unit_12,LV61,EURO4,NZ Bus,44,66,66,44,15,19,19,17,10000,Yes,Yes,No,12029,MAN,16/223,ENU731,15/05/2019,Inactive,B1011ENU731
B1012,NZB,NBM,Unit_12,LV61,EURO4,NZ Bus,44,66,66,44,15,19,19,17,10000,Yes,Yes,No,12029,MAN,16/223,ENU732,15/05/2019,Inactive,B1012ENU732
50,NZB,,,SV,EURO1,NZ Bus,,,,,,,,,3840,,,,,MERC,709D,UP7144,,,50UP7144
53,NZB,,,SV,EURO1,NZ Bus,,,,,,,,,3840,,,,,MERC,709D,UP8929,,,53UP8929
302,NZB,,,,ELECTRIC,NZ Bus,,,,,,,,,9340,,,,,DESIGNLINE,SLF-TROLLEY BUS,CQM368,,,302CQM368
303,NZB,,,,ELECTRIC,NZ Bus,,,,,,,,,9490,,,,,DESIGNLINE,SLF-TROLLEY BUS,CRA211,,,303CRA211
331,NZB,,,,ELECTRIC,NZ Bus,,,,,,,,,12580,,,,,DESIGNLINE,SLF-TROLLEY BUS,EEG61,,,331EEG61
332,NZB,,,,ELECTRIC,NZ Bus,,,,,,,,,13000,,,,,DESIGNLINE,SLF-TROLLEY BUS,EEG63,,,332EEG63
333,NZB,,,,ELECTRIC,NZ Bus,,,,,,,,,12580,,,,,DESIGNLINE,SLF-TROLLEY BUS,EJW307,,,333EJW307
334,NZB,,,,ELECTRIC,NZ Bus,,,,,,,,,12580,,,,,DESIGNLINE,SLF-TROLLEY BUS,ELG634,,,334ELG634
335,NZB,,,,ELECTRIC,NZ Bus,,,,,,,,,12530,,,,,DESIGNLINE,SLF-TROLLEY BUS,EMB785,,,335EMB785
336,NZB,,,,ELECTRIC,NZ Bus,,,,,,,,,12360,,,,,DESIGNLINE,SLF-TROLLEY BUS,EPD793,,,336EPD793
337,NZB,,,,ELECTRIC,NZ Bus,,,,,,,,,12590,,,,,DESIGNLINE,SLF-TROLLEY BUS,EPD792,,,337EPD792
338,NZB,,,,ELECTRIC,NZ Bus,,,,,,,,,12530,,,,,DESIGNLINE,SLF-TROLLEY BUS,EPD794,,,338EPD794
339,NZB,,,,ELECTRIC,NZ Bus,,,,,,,,,12530,,,,,DESIGNLINE,SLF-TROLLEY BUS,EPD800,,,339EPD800
340,NZB,,,,ELECTRIC,NZ Bus,,,,,,,,,12560,,,,,DESIGNLINE,SLF-TROLLEY BUS,EPN241,,,340EPN241
341,NZB,,,,ELECTRIC,NZ Bus,,,,,,,,,12590,,,,,DESIGNLINE,SLF-TROLLEY BUS,EPN242,,,341EPN242
342,NZB,,,,ELECTRIC,NZ Bus,,,,,,,,,12620,,,,,DESIGNLINE,SLF-TROLLEY BUS,EPN253,,,342EPN253
343,NZB,,,,ELECTRIC,NZ Bus,,,,,,,,,12550,,,,,DESIGNLINE,SLF-TROLLEY BUS,EPN264,,,343EPN264
344,NZB,,,,ELECTRIC,NZ Bus,,,,,,,,,12540,,,,,DESIGNLINE,SLF-TROLLEY BUS,EPN268,,,344EPN268
345,NZB,,,,ELECTRIC,NZ Bus,,,,,,,,,12600,,,,,DESIGNLINE,SLF-TROLLEY BUS,EPN271,,,345EPN271
346,NZB,,,,ELECTRIC,NZ Bus,,,,,,,,,12530,,,,,DESIGNLINE,SLF-TROLLEY BUS,EQG813,,,346EQG813
347,NZB,,,,ELECTRIC,NZ Bus,,,,,,,,,12650,,,,,DESIGNLINE,SLF-TROLLEY BUS,EQG814,,,347EQG814
348,NZB,,,,ELECTRIC,NZ Bus,,,,,,,,,12590,,,,,DESIGNLINE,SLF-TROLLEY BUS,ESG873,,,348ESG873
349,NZB,,,,ELECTRIC,NZ Bus,,,,,,,,,12460,,,,,DESIGNLINE,SLF-TROLLEY BUS,ESG871,,,349ESG871
350,NZB,,,,ELECTRIC,NZ Bus,,,,,,,,,12400,,,,,DESIGNLINE,SLF-TROLLEY BUS,ESG875,,,350ESG875
351,NZB,,,,ELECTRIC,NZ Bus,,,,,,,,,12400,,,,,DESIGNLINE,SLF-TROLLEY BUS,ESG872,,,351ESG872
352,NZB,,,,ELECTRIC,NZ Bus,,,,,,,,,12370,,,,,DESIGNLINE,SLF-TROLLEY BUS,ESG893,,,352ESG893
353,NZB,,,,ELECTRIC,NZ Bus,,,,,,,,,12370,,,,,DESIGNLINE,SLF-TROLLEY BUS,ESG894,,,353ESG894
354,NZB,,,,ELECTRIC,NZ Bus,,,,,,,,,12400,,,,,DESIGNLINE,SLF-TROLLEY BUS,ETB425,,,354ETB425
355,NZB,,,,ELECTRIC,NZ Bus,,,,,,,,,12450,,,,,DESIGNLINE,SLF-TROLLEY BUS,ETK201,,,355ETK201
356,NZB,,,,ELECTRIC,NZ Bus,,,,,,,,,12680,,,,,DESIGNLINE,SLF-TROLLEY BUS,ETK202,,,356ETK202
357,NZB,,,,ELECTRIC,NZ Bus,,,,,,,,,12430,,,,,DESIGNLINE,SLF-TROLLEY BUS,ETK203,,,357ETK203
358,NZB,,,,ELECTRIC,NZ Bus,,,,,,,,,12410,,,,,DESIGNLINE,SLF-TROLLEY BUS,ETK208,,,358ETK208
359,NZB,,,,ELECTRIC,NZ Bus,,,,,,,,,12410,,,,,DESIGNLINE,SLF-TROLLEY BUS,ETK209,,,359ETK209
360,NZB,,,,ELECTRIC,NZ Bus,,,,,,,,,12560,,,,,DESIGNLINE,SLF-TROLLEY BUS,ETK215,,,360ETK215
361,NZB,,,,ELECTRIC,NZ Bus,,,,,,,,,11280,,,,,DESIGNLINE,SLF-TROLLEY BUS,ETK214,,,361ETK214
363,NZB,,,,ELECTRIC,NZ Bus,,,,,,,,,12550,,,,,DESIGNLINE,SLF-TROLLEY BUS,ETK217,,,363ETK217
364,NZB,,,,ELECTRIC,NZ Bus,,,,,,,,,12560,,,,,DESIGNLINE,SLF-TROLLEY BUS,ETK220,,,364ETK220
365,NZB,,,,ELECTRIC,NZ Bus,,,,,,,,,12660,,,,,DESIGNLINE,SLF-TROLLEY BUS,EUJ395,,,365EUJ395
366,NZB,,,,ELECTRIC,NZ Bus,,,,,,,,,12610,,,,,DESIGNLINE,SLF-TROLLEY BUS,EUJ396,,,366EUJ396
367,NZB,,,,ELECTRIC,NZ Bus,,,,,,,,,12660,,,,,DESIGNLINE,SLF-TROLLEY BUS,EUJ397,,,367EUJ397
368,NZB,,,,ELECTRIC,NZ Bus,,,,,,,,,12530,,,,,DESIGNLINE,SLF-TROLLEY BUS,EWE102,,,368EWE102
369,NZB,,,,ELECTRIC,NZ Bus,,,,,,,,,12580,,,,,DESIGNLINE,SLF-TROLLEY BUS,EWE103,,,369EWE103
370,NZB,,,,ELECTRIC,NZ Bus,,,,,,,,,12580,,,,,DESIGNLINE,SLF-TROLLEY BUS,EWT893,,,370EWT893
371,NZB,,,,ELECTRIC,NZ Bus,,,,,,,,,12590,,,,,DESIGNLINE,SLF-TROLLEY BUS,EWT894,,,371EWT894
372,NZB,,,,ELECTRIC,NZ Bus,,,,,,,,,12490,,,,,DESIGNLINE,SLF-TROLLEY BUS,EWT899,,,372EWT899
373,NZB,,,,ELECTRIC,NZ Bus,,,,,,,,,12510,,,,,DESIGNLINE,SLF-TROLLEY BUS,EWT900,,,373EWT900
374,NZB,,,,ELECTRIC,NZ Bus,,,,,,,,,12390,,,,,DESIGNLINE,SLF-TROLLEY BUS,EYD351,,,374EYD351
375,NZB,,,,ELECTRIC,NZ Bus,,,,,,,,,12510,,,,,DESIGNLINE,SLF-TROLLEY BUS,EYD352,,,375EYD352
376,NZB,,,,ELECTRIC,NZ Bus,,,,,,,,,12650,,,,,DESIGNLINE,SLF-TROLLEY BUS,EYW453,,,376EYW453
377,NZB,,,,ELECTRIC,NZ Bus,,,,,,,,,12640,,,,,DESIGNLINE,SLF-TROLLEY BUS,EYW454,,,377EYW454
378,NZB,,,,ELECTRIC,NZ Bus,,,,,,,,,12660,,,,,DESIGNLINE,SLF-TROLLEY BUS,EYW469,,,378EYW469
379,NZB,,,,ELECTRIC,NZ Bus,,,,,,,,,12640,,,,,DESIGNLINE,SLF-TROLLEY BUS,EYW470,,,379EYW470
380,NZB,,,,ELECTRIC,NZ Bus,,,,,,,,,12570,,,,,DESIGNLINE,SLF-TROLLEY BUS,EZS544,,,380EZS544
381,NZB,,,,ELECTRIC,NZ Bus,,,,,,,,,12550,,,,,DESIGNLINE,SLF-TROLLEY BUS,EZS545,,,381EZS545
382,NZB,,,,ELECTRIC,NZ Bus,,,,,,,,,12360,,,,,DESIGNLINE,SLF-TROLLEY BUS,EZS560,,,382EZS560
383,NZB,,,,ELECTRIC,NZ Bus,,,,,,,,,12560,,,,,DESIGNLINE,SLF-TROLLEY BUS,EZS561,,,383EZS561
384,NZB,,,,ELECTRIC,NZ Bus,,,,,,,,,12330,,,,,DESIGNLINE,SLF-TROLLEY BUS,EZS565,,,384EZS565
385,NZB,,,,ELECTRIC,NZ Bus,,,,,,,,,12410,,,,,DESIGNLINE,SLF-TROLLEY BUS,EZS566,,,385EZS566
386,NZB,,,,ELECTRIC,NZ Bus,,,,,,,,,12380,,,,,DESIGNLINE,SLF-TROLLEY BUS,EZS578,,,386EZS578
387,NZB,,,,ELECTRIC,NZ Bus,,,,,,,,,12400,,,,,DESIGNLINE,SLF-TROLLEY BUS,EZS579,,,387EZS579
505,NZB,,,,EURO1,NZ Bus,,,,,,,,,6780,,,,,MAN,11/190,TB6105,,,505TB6105
507,NZB,,,,EURO1,NZ Bus,,,,,,,,,6780,,,,,MAN,11/190,SW4435,,,507SW4435
508,NZB,,,,EURO1,NZ Bus,,,,,,,,,6780,,,,,MAN,11/190,GEB93,,,508GEB93
509,NZB,,,,EURO1,NZ Bus,,,,,,,,,6780,,,,,MAN,11/190,GEB92,,,509GEB92
510,NZB,,,,EURO1,NZ Bus,,,,,,,,,6870,,,,,MAN,11/190,SY1631,,,510SY1631
511,NZB,,,,EURO1,NZ Bus,,,,,,,,,6780,,,,,MAN,11/190,SZ5917,,,511SZ5917
513,NZB,,,,EURO1,NZ Bus,,,,,,,,,6780,,,,,MAN,11/190,TA2667,,,513TA2667
514,NZB,,,,EURO1,NZ Bus,,,,,,,,,6780,,,,,MAN,11/190,TA2691,,,514TA2691
517,NZB,,,,EURO1,NZ Bus,,,,,,,,,6780,,,,,MAN,11/190,GEB91,,,517GEB91
519,NZB,,,,EURO1,NZ Bus,,,,,,,,,6780,,,,,MAN,11/190,TB6056,,,519TB6056
521,NZB,,,,EURO1,NZ Bus,,,,,,,,,6780,,,,,MAN,11/190,TB6106,,,521TB6106
523,NZB,,,,EURO1,NZ Bus,,,,,,,,,6780,,,,,MAN,11/190,TD2564,,,523TD2564
525,NZB,,,,EURO1,NZ Bus,,,,,,,,,6780,,,,,MAN,11/190,TD2594,,,525TD2594
526,NZB,,,,EURO1,NZ Bus,,,,,,,,,6780,,,,,MAN,11/190,TD2630,,,526TD2630
527,NZB,,,,EURO1,NZ Bus,,,,,,,,,6780,,,,,MAN,11/190,TD2631,,,527TD2631
528,NZB,,,,EURO1,NZ Bus,,,,,,,,,6780,,,,,MAN,11/190,TE2325,,,528TE2325
529,NZB,,,,EURO1,NZ Bus,,,,,,,,,6780,,,,,MAN,11/190,TE2326,,,529TE2326
530,NZB,,,,EURO1,NZ Bus,,,,,,,,,6780,,,,,MAN,11/190,TE2327,,,530TE2327
533,NZB,,,,EURO1,NZ Bus,,,,,,,,,6780,,,,,MAN,11/190,TF6237,,,533TF6237
535,NZB,,,,EURO1,NZ Bus,,,,,,,,,6780,,,,,MAN,11/190,TG5856,,,535TG5856
553,NZB,,,,EURO1,NZ Bus,,,,,,,,,6780,,,,,MAN,11/190,TR1645,,,553TR1645
601,NZB,,,,EURO1,NZ Bus,,,,,,,,,7100,,,,,MAN,11/190,TJ2541,,,601TJ2541
602,NZB,,,,EURO1,NZ Bus,,,,,,,,,7100,,,,,MAN,11/190,TJ2542,,,602TJ2542
603,NZB,,,,EURO1,NZ Bus,,,,,,,,,7100,,,,,MAN,11/190,UB487,,,603UB487
604,NZB,,,,EURO1,NZ Bus,,,,,,,,,7100,,,,,MAN,11/190,UB488,,,604UB488
605,NZB,,,,EURO1,NZ Bus,,,,,,,,,7100,,,,,MAN,11/190,TU1498,,,605TU1498
606,NZB,,,,EURO1,NZ Bus,,,,,,,,,7100,,,,,MAN,11/190,UB489,,,606UB489
607,NZB,,,,EURO1,NZ Bus,,,,,,,,,7100,,,,,MAN,11/190,UB490,,,607UB490
608,NZB,,,,EURO1,NZ Bus,,,,,,,,,7100,,,,,MAN,11/190,UB491,,,608UB491
609,NZB,,,,EURO1,NZ Bus,,,,,,,,,7100,,,,,MAN,11/190,UB492,,,609UB492
610,NZB,,,,EURO1,NZ Bus,,,,,,,,,7100,,,,,MAN,11/190,UB497,,,610UB497
611,NZB,,,,EURO1,NZ Bus,,,,,,,,,7100,,,,,MAN,11/190,UB495,,,611UB495
612,NZB,,,,EURO1,NZ Bus,,,,,,,,,7100,,,,,MAN,11/190,XY8784,,,612XY8784
615,NZB,,,,EURO1,NZ Bus,,,,,,,,,7100,,,,,MAN,11/190,UB498,,,615UB498
616,NZB,,,,EURO1,NZ Bus,,,,,,,,,7100,,,,,MAN,11/190,UF5845,,,616UF5845
617,NZB,,,,EURO1,NZ Bus,,,,,,,,,7100,,,,,MAN,11/190,EWJ492,,,617EWJ492
621,NZB,,,,EURO1,NZ Bus,,,,,,,,,7100,,,,,MAN,11/190,UF5849,,,621UF5849
622,NZB,,,,EURO1,NZ Bus,,,,,,,,,7100,,,,,MAN,11/190,UF5846,,,622UF5846
623,NZB,,,,EURO1,NZ Bus,,,,,,,,,7100,,,,,MAN,11/190,XT1245,,,623XT1245
624,NZB,,,,EURO1,NZ Bus,,,,,,,,,7100,,,,,MAN,11/190,UF5850,,,624UF5850
625,NZB,,,,EURO1,NZ Bus,,,,,,,,,7100,,,,,MAN,11/190,UF5851,,,625UF5851
626,NZB,,,,EURO1,NZ Bus,,,,,,,,,7100,,,,,MAN,11/190,UF5852,,,626UF5852
627,NZB,,,,EURO1,NZ Bus,,,,,,,,,7100,,,,,MAN,11/190,UF5853,,,627UF5853
628,NZB,,,,EURO1,NZ Bus,,,,,,,,,7100,,,,,MAN,11/190,UF5854,,,628UF5854
632,NZB,,,,EURO1,NZ Bus,,,,,,,,,7100,,,,,MAN,11/190,UF5858,,,632UF5858
633,NZB,,,,EURO1,NZ Bus,,,,,,,,,7100,,,,,MAN,11/190,UH7204,,,633UH7204
634,NZB,,,,EURO1,NZ Bus,,,,,,,,,7100,,,,,MAN,11/190,UH7205,,,634UH7205
635,NZB,,,,EURO1,NZ Bus,,,,,,,,,7100,,,,,MAN,11/190,UH7206,,,635UH7206
636,NZB,,,,EURO1,NZ Bus,,,,,,,,,7100,,,,,MAN,11/190,UH7207,,,636UH7207
637,NZB,,,,EURO1,NZ Bus,,,,,,,,,7100,,,,,MAN,11/190,UH7208,,,637UH7208
638,NZB,,,,EURO1,NZ Bus,,,,,,,,,7100,,,,,MAN,11/190,UH7215,,,638UH7215
641,NZB,,,,EURO1,NZ Bus,,,,,,,,,7100,,,,,MAN,11/190,UH7218,,,641UH7218
642,NZB,,,,EURO1,NZ Bus,,,,,,,,,7100,,,,,MAN,11/190,UH7212,,,642UH7212
643,NZB,,,,EURO1,NZ Bus,,,,,,,,,7100,,,,,MAN,11/190,UH7219,,,643UH7219
644,NZB,,,,EURO1,NZ Bus,,,,,,,,,7100,,,,,MAN,11/190,UH7220,,,644UH7220
646,NZB,,,,EURO1,NZ Bus,,,,,,,,,7100,,,,,MAN,11/190,UH7214,,,646UH7214
647,NZB,,,,EURO1,NZ Bus,,,,,,,,,7100,,,,,MAN,11/190,UL5044,,,647UL5044
648,NZB,,,,EURO1,NZ Bus,,,,,,,,,7100,,,,,MAN,11/190,UL5045,,,648UL5045
649,NZB,,,,EURO1,NZ Bus,,,,,,,,,7100,,,,,MAN,11/190,UL5046,,,649UL5046
650,NZB,,,,EURO1,NZ Bus,,,,,,,,,7100,,,,,MAN,11/190,UL5051,,,650UL5051
651,NZB,,,,EURO1,NZ Bus,,,,,,,,,7100,,,,,MAN,11/190,UL5052,,,651UL5052
652,NZB,,,,EURO1,NZ Bus,,,,,,,,,7100,,,,,MAN,11/190,UL5053,,,652UL5053
653,NZB,,,,EURO1,NZ Bus,,,,,,,,,7220,,,,,MAN,11/190,FDH140,,,653FDH140
654,NZB,,,,EURO1,NZ Bus,,,,,,,,,7100,,,,,MAN,11/190,UL5042,,,654UL5042
656,NZB,,,,EURO1,NZ Bus,,,,,,,,,7100,,,,,MAN,11/190,UO9427,,,656UO9427
657,NZB,,,,EURO1,NZ Bus,,,,,,,,,7100,,,,,MAN,11/190,UO9433,,,657UO9433
658,NZB,,,,EURO1,NZ Bus,,,,,,,,,7100,,,,,MAN,11/190,UT5625,,,658UT5625
719,NZB,,,,EURO3,NZ Bus,,,,,,,,,7500,,,,,MAN,11/190,XJ5246,,,719XJ5246
727,NZB,,,,EURO3,NZ Bus,,,,,,,,,7500,,,,,MAN,11/190,XL3265,,,727XL3265
728,NZB,,,,EURO3,NZ Bus,,,,,,,,,7500,,,,,MAN,11/190,XL3266,,,728XL3266
729,NZB,,,,EURO3,NZ Bus,,,,,,,,,7500,,,,,MAN,11/190,XL9773,,,729XL9773
730,NZB,,,,EURO3,NZ Bus,,,,,,,,,7500,,,,,MAN,11/190,XL9774,,,730XL9774
731,NZB,,,,EURO3,NZ Bus,,,,,,,,,7500,,,,,MAN,11/190,XL9775,,,731XL9775
732,NZB,,,,EURO3,NZ Bus,,,,,,,,,7500,,,,,MAN,11/190,XL9777,,,732XL9777
733,NZB,,,,EURO3,NZ Bus,,,,,,,,,7500,,,,,MAN,11/190,XL9778,,,733XL9778
734,NZB,,,,EURO3,NZ Bus,,,,,,,,,7500,,,,,MAN,11/190,XL9779,,,734XL9779
735,NZB,,,,EURO3,NZ Bus,,,,,,,,,7500,,,,,MAN,11/190,XN4432,,,735XN4432
736,NZB,,,,EURO3,NZ Bus,,,,,,,,,7500,,,,,MAN,11/190,BRH784,,,736BRH784
737,NZB,,,,EURO3,NZ Bus,,,,,,,,,7500,,,,,MAN,11/190,XN4436,,,737XN4436
738,NZB,,,,EURO3,NZ Bus,,,,,,,,,7500,,,,,MAN,11/190,XN4437,,,738XN4437
739,NZB,,,,EURO3,NZ Bus,,,,,,,,,7500,,,,,MAN,11/190,ANF672,,,739ANF672
740,NZB,,,,EURO3,NZ Bus,,,,,,,,,7500,,,,,MAN,11/190,XN4439,,,740XN4439
741,NZB,,,,EURO3,NZ Bus,,,,,,,,,7500,,,,,MAN,11/190,XN8101,,,741XN8101
742,NZB,,,,EURO3,NZ Bus,,,,,,,,,7650,,,,,MAN,11/190,XN8102,,,742XN8102
743,NZB,,,,EURO3,NZ Bus,,,,,,,,,7500,,,,,MAN,11/190,XN8103,,,743XN8103
757,NZB,,,,EURO3,NZ Bus,,,,,,,,,7350,,,,,MAN,11/190,XS4093,,,757XS4093
758,NZB,,,,EURO3,NZ Bus,,,,,,,,,7500,,,,,MAN,11/190,XS4094,,,758XS4094
759,NZB,,,,EURO3,NZ Bus,,,,,,,,,7500,,,,,MAN,11/190,XS4097,,,759XS4097
761,NZB,,,,EURO3,NZ Bus,,,,,,,,,7500,,,,,MAN,11/190,XS4100,,,761XS4100
762,NZB,,,,EURO3,NZ Bus,,,,,,,,,7500,,,,,MAN,11/190,XT7864,,,762XT7864
763,NZB,,,,EURO3,NZ Bus,,,,,,,,,7500,,,,,MAN,11/190,XT7867,,,763XT7867
764,NZB,,,,EURO3,NZ Bus,,,,,,,,,7500,,,,,MAN,11/190,GAH497,,,764GAH497
765,NZB,,,,EURO3,NZ Bus,,,,,,,,,7500,,,,,MAN,11/190,XT7869,,,765XT7869
766,NZB,,,,EURO3,NZ Bus,,,,,,,,,7500,,,,,MAN,11/190,XT7870,,,766XT7870
767,NZB,,,,EURO3,NZ Bus,,,,,,,,,7500,,,,,MAN,11/190,XW4111,,,767XW4111
768,NZB,,,,EURO3,NZ Bus,,,,,,,,,7500,,,,,MAN,11/190,XW4112,,,768XW4112
769,NZB,,,,EURO3,NZ Bus,,,,,,,,,7500,,,,,MAN,11/190,XW4113,,,769XW4113
771,NZB,,,,EURO3,NZ Bus,,,,,,,,,7500,,,,,MAN,11/190,XW4115,,,771XW4115
772,NZB,,,,EURO3,NZ Bus,,,,,,,,,7500,,,,,MAN,11/190,XW4118,,,772XW4118
773,NZB,,,,EURO3,NZ Bus,,,,,,,,,7500,,,,,MAN,11/190,XW4119,,,773XW4119
774,NZB,,,,EURO3,NZ Bus,,,,,,,,,7550,,,,,MAN,11/190,XY1872,,,774XY1872
775,NZB,,,,EURO3,NZ Bus,,,,,,,,,7500,,,,,MAN,11/190,XY1873,,,775XY1873
776,NZB,,,,EURO3,NZ Bus,,,,,,,,,7500,,,,,MAN,11/190,XY1874,,,776XY1874
777,NZB,,,,EURO3,NZ Bus,,,,,,,,,7500,,,,,MAN,11/190,XY1875,,,777XY1875
778,NZB,,,,EURO3,NZ Bus,,,,,,,,,7500,,,,,MAN,11/190,XY1877,,,778XY1877
779,NZB,,,,EURO3,NZ Bus,,,,,,,,,7500,,,,,MAN,11/190,XY1878,,,779XY1878
780,NZB,,,,EURO3,NZ Bus,,,,,,,,,7500,,,,,MAN,11/190,XY1880,,,780XY1880
901,NZB,,,LV61,EURO3,NZ Bus,,,,,,,,,8050,,,,,MAN,12/223,CDN359,,,901CDN359
902,NZB,,,LV61,EURO3,NZ Bus,,,,,,,,,8050,,,,,MAN,12/223,CDN360,,,902CDN360
903,NZB,,,LV61,EURO3,NZ Bus,,,,,,,,,8050,,,,,MAN,12/223,CER435,,,903CER435
904,NZB,,,LV61,EURO3,NZ Bus,,,,,,,,,8050,,,,,MAN,12/223,CFA182,,,904CFA182
905,NZB,,,LV61,EURO3,NZ Bus,,,,,,,,,8050,,,,,MAN,12/223,CFY844,,,905CFY844
906,NZB,,,LV61,EURO3,NZ Bus,,,,,,,,,8050,,,,,MAN,12/223,CFY855,,,906CFY855
907,NZB,,,LV61,EURO3,NZ Bus,,,,,,,,,8050,,,,,MAN,12/223,CFY858,,,907CFY858
908,NZB,,,LV61,EURO3,NZ Bus,,,,,,,,,8050,,,,,MAN,12/223,CHW255,,,908CHW255
909,NZB,,,LV61,EURO3,NZ Bus,,,,,,,,,8050,,,,,MAN,12/223,CHW258,,,909CHW258
910,NZB,,,LV61,EURO3,NZ Bus,,,,,,,,,8050,,,,,MAN,12/223,CHW259,,,910CHW259
911,NZB,,,LV61,EURO3,NZ Bus,,,,,,,,,8010,,,,,MAN,12/223,CJJ609,,,911CJJ609
912,NZB,,,LV61,EURO3,NZ Bus,,,,,,,,,8060,,,,,MAN,12/223,CJJ611,,,912CJJ611
913,NZB,,,LV61,EURO3,NZ Bus,,,,,,,,,7990,,,,,MAN,12/223,CJJ618,,,913CJJ618
914,NZB,,,LV61,EURO3,NZ Bus,,,,,,,,,7960,,,,,MAN,12/223,CJJ619,,,914CJJ619
915,NZB,,,LV61,EURO3,NZ Bus,,,,,,,,,8060,,,,,MAN,12/223,CJP97,,,915CJP97
916,NZB,,,LV61,EURO3,NZ Bus,,,,,,,,,8060,,,,,MAN,12/223,CJP98,,,916CJP98
917,NZB,,,LV61,EURO3,NZ Bus,,,,,,,,,8060,,,,,MAN,12/223,CJZ401,,,917CJZ401
918,NZB,,,LV61,EURO3,NZ Bus,,,,,,,,,8070,,,,,MAN,12/223,CJZ420,,,918CJZ420
919,NZB,,,LV61,EURO3,NZ Bus,,,,,,,,,8060,,,,,MAN,12/223,CKJ343,,,919CKJ343
920,NZB,,,LV61,EURO3,NZ Bus,,,,,,,,,8060,,,,,MAN,12/223,CFH436,,,920CFH436
1106,NZB,,,,PRE-EURO,NZ Bus,,,,,,,,,10440,,,,,MAN,22/240,PG8706,,,1106PG8706
1107,NZB,,,,PRE-EURO,NZ Bus,,,,,,,,,10600,,,,,MAN,22/240,PI9547,,,1107PI9547
1109,NZB,,,,PRE-EURO,NZ Bus,,,,,,,,,10600,,,,,MAN,22/240,PI9549,,,1109PI9549
1110,NZB,,,,PRE-EURO,NZ Bus,,,,,,,,,10600,,,,,MAN,22/240,PM772,,,1110PM772
1113,NZB,,,,PRE-EURO,NZ Bus,,,,,,,,,10600,,,,,MAN,22/240,PM775,,,1113PM775
1114,NZB,,,,PRE-EURO,NZ Bus,,,,,,,,,10600,,,,,MAN,22/240,PN8766,,,1114PN8766
1116,NZB,,,,PRE-EURO,NZ Bus,,,,,,,,,10600,,,,,MAN,22/240,PS3380,,,1116PS3380
1117,NZB,,,,PRE-EURO,NZ Bus,,,,,,,,,10600,,,,,MAN,22/240,PS2953,,,1117PS2953
1125,NZB,,,,PRE-EURO,NZ Bus,,,,,,,,,10600,,,,,MAN,22/240,YY8717,,,1125YY8717
1128,NZB,,,,PRE-EURO,NZ Bus,,,,,,,,,10600,,,,,MAN,22/240,PT7116,,,1128PT7116
1130,NZB,,,,PRE-EURO,NZ Bus,,,,,,,,,10600,,,,,MAN,22/240,PT7118,,,1130PT7118
1131,NZB,,,,PRE-EURO,NZ Bus,,,,,,,,,10600,,,,,MAN,22/240,PX3609,,,1131PX3609
1132,NZB,,,,PRE-EURO,NZ Bus,,,,,,,,,10600,,,,,MAN,22/240,PX3610,,,1132PX3610
1133,NZB,,,,PRE-EURO,NZ Bus,,,,,,,,,10600,,,,,MAN,22/240,PX3611,,,1133PX3611
1134,NZB,,,,PRE-EURO,NZ Bus,,,,,,,,,10600,,,,,MAN,22/240,TD2660,,,1134TD2660
1135,NZB,,,,PRE-EURO,NZ Bus,,,,,,,,,10600,,,,,MAN,22/240,PX3613,,,1135PX3613
1136,NZB,,,,PRE-EURO,NZ Bus,,,,,,,,,10600,,,,,MAN,22/240,PX3614,,,1136PX3614
1137,NZB,,,,PRE-EURO,NZ Bus,,,,,,,,,10600,,,,,MAN,22/240,PX3615,,,1137PX3615
1138,NZB,,,,PRE-EURO,NZ Bus,,,,,,,,,10600,,,,,MAN,22/240,PX3616,,,1138PX3616
1139,NZB,,,,PRE-EURO,NZ Bus,,,,,,,,,10600,,,,,MAN,22/240,PX3617,,,1139PX3617
1302,NZB,,,MV,EURO3,NZ Bus,,,,,,,,,7860,,,,,MAN,12/223,ANF929,,,1302ANF929
1303,NZB,,,MV,EURO3,NZ Bus,,,,,,,,,7910,,,,,MAN,12/223,APP362,,,1303APP362
1304,NZB,,,MV,EURO3,NZ Bus,,,,,,,,,7920,,,,,MAN,12/223,APP365,,,1304APP365
1305,NZB,,,MV,EURO3,NZ Bus,,,,,,,,,7850,,,,,MAN,12/223,APP366,,,1305APP366
1306,NZB,,,MV,EURO3,NZ Bus,,,,,,,,,7780,,,,,MAN,12/223,APP369,,,1306APP369
1307,NZB,,,MV,EURO3,NZ Bus,,,,,,,,,7800,,,,,MAN,12/223,ASJ557,,,1307ASJ557
1308,NZB,,,MV,EURO3,NZ Bus,,,,,,,,,7920,,,,,MAN,12/223,ASH467,,,1308ASH467
1309,NZB,,,MV,EURO3,NZ Bus,,,,,,,,,7920,,,,,MAN,12/223,ASU457,,,1309ASU457
1310,NZB,,,MV,EURO3,NZ Bus,,,,,,,,,7920,,,,,MAN,12/223,ASU458,,,1310ASU458
1311,NZB,,,MV,EURO3,NZ Bus,,,,,,,,,7920,,,,,MAN,12/223,ATB792,,,1311ATB792
1318,NZB,,,MV,EURO3,NZ Bus,,,,,,,,,7910,,,,,MAN,12/223,ATP947,,,1318ATP947
1319,NZB,,,MV,EURO3,NZ Bus,,,,,,,,,7940,,,,,MAN,12/223,AZE116,,,1319AZE116
1320,NZB,,,MV,EURO3,NZ Bus,,,,,,,,,7900,,,,,MAN,12/223,AZE115,,,1320AZE115
2490,NZB,,,LV61,EURO3,NZ Bus,,,,,,,,,9800,,,,,MAN,17/223,CUL917,,,2490CUL917
4227,NZB,,,,EURO5,NZ Bus,,,,,,,,,8700,,,,,ADL,E200,GWG222,,,4227GWG222
4228,NZB,,,,EURO5,NZ Bus,,,,,,,,,8700,,,,,ADL,E200,GWG230,,,4228GWG230
4229,NZB,,,,EURO5,NZ Bus,,,,,,,,,8700,,,,,ADL,E200,GWG232,,,4229GWG232
4230,NZB,,,,EURO5,NZ Bus,,,,,,,,,8700,,,,,ADL,E200,GWG239,,,4230GWG239
4231,NZB,,,,EURO5,NZ Bus,,,,,,,,,8700,,,,,ADL,E200,GWP343,,,4231GWP343
4232,NZB,,,,EURO5,NZ Bus,,,,,,,,,8700,,,,,ADL,E200,GWP350,,,4232GWP350
4233,NZB,,,,EURO5,NZ Bus,,,,,,,,,8700,,,,,ADL,E200,GWP351,,,4233GWP351
4234,NZB,,,,EURO5,NZ Bus,,,,,,,,,8700,,,,,ADL,E200,GWP356,,,4234GWP356
4235,NZB,,,,EURO5,NZ Bus,,,,,,,,,8700,,,,,ADL,E200,GWU22,,,4235GWU22
4236,NZB,,,,EURO5,NZ Bus,,,,,,,,,8700,,,,,ADL,E200,GWU27,,,4236GWU27
4237,NZB,,,,EURO5,NZ Bus,,,,,,,,,8700,,,,,ADL,E200,GWU34,,,4237GWU34
4238,NZB,,,,EURO5,NZ Bus,,,,,,,,,8700,,,,,ADL,E200,GWU37,,,4238GWU37
4239,NZB,,,,EURO5,NZ Bus,,,,,,,,,8700,,,,,ADL,E200,GYE362,,,4239GYE362
4240,NZB,,,,EURO5,NZ Bus,,,,,,,,,8700,,,,,ADL,E200,GYE366,,,4240GYE366
4241,NZB,,,,EURO5,NZ Bus,,,,,,,,,8700,,,,,ADL,E200,GYE372,,,4241GYE372
4242,NZB,,,,EURO5,NZ Bus,,,,,,,,,8700,,,,,ADL,E200,GYE373,,,4242GYE373
4243,NZB,,,,EURO5,NZ Bus,,,,,,,,,8700,,,,,ADL,E200,GYE380,,,4243GYE380
4244,NZB,,,,EURO5,NZ Bus,,,,,,,,,8700,,,,,ADL,E200,GYN227,,,4244GYN227
4245,NZB,,,,EURO5,NZ Bus,,,,,,,,,8700,,,,,ADL,E200,GYN231,,,4245GYN231
4246,NZB,,,,EURO5,NZ Bus,,,,,,,,,8700,,,,,ADL,E200,GYN234,,,4246GYN234
4247,NZB,,,,EURO5,NZ Bus,,,,,,,,,8700,,,,,ADL,E200,GYN237,,,4247GYN237
4248,NZB,,,,EURO5,NZ Bus,,,,,,,,,8700,,,,,ADL,E200,GYW6,,,4248GYW6
4249,NZB,,,,EURO5,NZ Bus,,,,,,,,,8700,,,,,ADL,E200,GYW8,,,4249GYW8
4251,NZB,,,,EURO5,NZ Bus,,,,,,,,,8700,,,,,ADL,E200,GYW19,,,4251GYW19
4252,NZB,,,,EURO5,NZ Bus,,,,,,,,,8700,,,,,ADL,E200,GZE188,,,4252GZE188
4253,NZB,,,,EURO5,NZ Bus,,,,,,,,,8700,,,,,ADL,E200,GZE191,,,4253GZE191
4254,NZB,,,,EURO5,NZ Bus,,,,,,,,,8700,,,,,ADL,E200,GZE192,,,4254GZE192
4255,NZB,,,,EURO5,NZ Bus,,,,,,,,,8700,,,,,ADL,E200,GZE194,,,4255GZE194
4256,NZB,,,,EURO5,NZ Bus,,,,,,,,,8700,,,,,ADL,E200,GZP244,,,4256GZP244
4258,NZB,,,,EURO5,NZ Bus,,,,,,,,,8700,,,,,ADL,E200,GZP248,,,4258GZP248
4259,NZB,,,,EURO5,NZ Bus,,,,,,,,,8700,,,,,ADL,E200,GZP253,,,4259GZP253
4261,NZB,,,,EURO5,NZ Bus,,,,,,,,,8700,,,,,ADL,E200,GZW684,,,4261GZW684
301,NZB,,,,Electric,NZ Bus,,,,,,,,,9130,,,,,DESIGNLINE,SLF-TROLLEY BUS,BDZ738,,,301BDZ738
362,NZB,,,,Electric,NZ Bus,,,,,,,,,11280,,,,,DESIGNLINE,SLF-TROLLEY BUS,ETK216,,,362ETK216
645,NZB,,,,EURO1,NZ Bus,,,,,,,,,7100,,,,,MAN,11/190,UH7213,,,645UH7213
750,NZB,,,,EURO1,NZ Bus,,,,,,,,,7500,,,,,MAN,11/190,ZE2402,,,750ZE2402
751,NZB,,,,EURO1,NZ Bus,,,,,,,,,7500,,,,,MAN,11/190,XP6952,,,751XP6952
752,NZB,,,,EURO1,NZ Bus,,,,,,,,,7500,,,,,MAN,11/190,GEK74,,,752GEK74
753,NZB,,,,EURO1,NZ Bus,,,,,,,,,7500,,,,,MAN,11/190,GEK116,,,753GEK116
754,NZB,,,,EURO1,NZ Bus,,,,,,,,,7500,,,,,MAN,11/190,XP6955,,,754XP6955
755,NZB,,,,EURO1,NZ Bus,,,,,,,,,7500,,,,,MAN,11/190,GEK73,,,755GEK73
756,NZB,,,,EURO1,NZ Bus,,,,,,,,,7500,,,,,MAN,11/190,XP6959,,,756XP6959
770,NZB,,,,EURO1,NZ Bus,,,,,,,,,7500,,,,,MAN,11/190,XW4114,,,770XW4114
4187,NZB,,,,EURO5,NZ Bus,,,,,,,,,8700,,,,,ADL,E200,GQK715,,,4187GQK715
4257,NZB,,,,EURO5,NZ Bus,,,,,,,,,8700,,,,,ADL,E200,GZE195,,,4257GZE195
9,MCS,MNM,,,EURO1,Mana,,,,,,,,,8200,,,,,Volvo,B6R,UF5859,,,9UF5859
10,MCS,MNM,,,EURO1,Mana,,,,,,,,,8200,,,,,Volvo,B6R,UF5860,,,10UF5860
43,MCS,MNM,,,PRE-EURO,Mana,,,,,,,,,10190,,,,,MERC,305,ZG1843,,,43ZG1843
57,MCS,MNM,,,PRE-EURO,Mana,,,,,,,,,8640,,,,,Volvo,B10M,WS1354,,,57WS1354
61,MCS,MNM,,,PRE-EURO,Mana,,,,,,,,,9390,,,,,Isuzu,Journey,WE3930,,,61WE3930
70,MCS,MNM,,,PRE-EURO,Mana,,,,,,,,,8801,,,,,Volvo,B10M,AHW833,,,70AHW833
75,MCS,MNM,,,PRE-EURO,Mana,,,,,,,,,9800,,,,,Volvo,B10M,BSH155,,,75BSH155
77,MCS,MNM,,,PRE-EURO,Mana,,,,,,,,,9120,,,,,MERC,305,AEY662,,,77AEY662
78,MCS,MNM,,,PRE-EURO,Mana,,,,,,,,,9270,,,,,MERC,305,AFP586,,,78AFP586
79,MCS,MNM,,,PRE-EURO,Mana,,,,,,,,,9330,,,,,MERC,305,AFW243,,,79AFW243
80,MCS,MNM,,,PRE-EURO,Mana,,,,,,,,,9320,,,,,MERC,305,AGB930,,,80AGB930
81,MCS,MNM,,,PRE-EURO,Mana,,,,,,,,,9220,,,,,MERC,305,AGJ365,,,81AGJ365
82,MCS,MNM,,,PRE-EURO,Mana,,,,,,,,,9230,,,,,MERC,305,AGN503,,,82AGN503
83,MCS,MNM,,,PRE-EURO,Mana,,,,,,,,,9090,,,,,MERC,305,AHJ668,,,83AHJ668
84,MCS,MNM,,,PRE-EURO,Mana,,,,,,,,,9120,,,,,MERC,305,AJD695,,,84AJD695
85,MCS,MNM,,,PRE-EURO,Mana,,,,,,,,,9720,,,,,MERC,305,AMA130,,,85AMA130
86,MCS,MNM,,,PRE-EURO,Mana,,,,,,,,,9250,,,,,MERC,305,AMA136,,,86AMA136
87,MCS,MNM,,,PRE-EURO,Mana,,,,,,,,,9320,,,,,MERC,305,AMT473,,,87AMT473
88,MCS,MNM,,,PRE-EURO,Mana,,,,,,,,,9280,,,,,MERC,305,ANW165,,,88ANW165
116,MCS,MNM,,,PRE-EURO,Mana,,,,,,,,,10180,,,,,MERC,305,ZG1845,,,116ZG1845
118,MCS,MNM,,,PRE-EURO,Mana,,,,,,,,,8550,,,,,Volvo,B10M,UM4178,,,118UM4178
139,MCS,MNM,,,PRE-EURO,Mana,,,,,,,,,11960,,,,,Hino,CN275,NCS39,,,139NCS39
182,MCS,MNM,,,EURO5,Mana,,,,,,,,,8700,,,,,ADL,E200,GPN801,,,182GPN801
183,MCS,MNM,,,EURO5,Mana,,,,,,,,,8700,,,,,ADL,E200,GPZ195,,,183GPZ195
184,MCS,MNM,,,EURO5,Mana,,,,,,,,,8700,,,,,ADL,E200,GPZ197,,,184GPZ197
185,MCS,MNM,,,EURO5,Mana,,,,,,,,,8700,,,,,ADL,E200,GRB907,,,185GRB907
6,MCS,MNM,,,PRE-EURO,Mana,,,,,,,,,8630,,,,,Volvo,B10M,WX1042,,,6WX1042
65,MCS,MNM,,SV,PRE-EURO,Mana,,,,,,,,,6480,,,,,Dennis,Dart,AAS362,,,65AAS362
74,MCS,MNM,,,PRE-EURO,Mana,,,,,,,,,9240,,,,,Volvo,B10M,BPN175,,,74BPN175
114,MCS,MNM,,,PRE-EURO,Mana,,,,,,,,,9670,,,,,Volvo,B10M,ZK6161,,,114ZK6161
119,MCS,MNM,,LV,PRE-EURO,Mana,,,,,,,,,9080,,,,,Volvo,B7R,AQK359,,,119AQK359
120,MCS,MNM,,LV,PRE-EURO,Mana,,,,,,,,,9740,,,,,Volvo,B7R,AQB611,,,120AQB611
123,MCS,MNM,,LV,EURO3,Mana,,,,,,,,,9540,,,,,Volvo,B7R,CDW675,,,123CDW675
124,MCS,MNM,,LV,EURO3,Mana,,,,,,,,,9560,,,,,Volvo,B7R,BWM694,,,124BWM694
125,MCS,MNM,,LV,EURO3,Mana,,,,,,,,,9540,,,,,Volvo,B7R,BYF543,,,125BYF543
126,MCS,MNM,,LV,EURO2,Mana,,,,,,,,,9500,,,,,Volvo,B7R,BEC855,,,126BEC855
127,MCS,MNM,,LV,EURO2,Mana,,,,,,,,,9480,,,,,Volvo,B7R,BDZ143,,,127BDZ143
128,MCS,MNM,,LV,EURO2,Mana,,,,,,,,,9500,,,,,Volvo,B7R,DMZ217,,,128DMZ217
129,MCS,MNM,,MV,EURO2,Mana,,,,,,,,,9520,,,,,Volvo,B7R,BFE760,,,129BFE760
132,MCS,MNM,,SV,PRE-EURO,Mana,,,,,,,,,3680,,,,,Toyota,Coaster,AZZ449,,,132AZZ449
137,MCS,MNM,,LV,EURO3,Mana,,,,,,,,,9780,,,,,Volvo,B7M,CUH776,,,137CUH776
142,MCS,MNM,,LV,PRE-EURO,Mana,,,,,,,,,4920,,,,,Volvo,B7R,BUP353,,,142BUP353
144,MCS,MNM,,LV,PRE-EURO,Mana,,,,,,,,,8900,,,,,Volvo,B7R,BWE644,,,144BWE644
145,MCS,MNM,,LV,PRE-EURO,Mana,,,,,,,,,8780,,,,,Volvo,B7R,EMK582,,,145EMK582
150,MCS,MNM,,LV,EURO5,Mana,,,,,,,,,10900,,,,,Volvo,B7R LE,ERH576,,,150ERH576
153,MCS,MNM,,LV,EURO5,Mana,,,,,,,,,10800,,,,,Volvo,B7R LE,ETD76,,,153ETD76
154,MCS,MNM,,LV,EURO5,Mana,,,,,,,,,10800,,,,,Volvo,B7R LE,ETD137,,,154ETD137
155,MCS,MNM,,LV,EURO5,Mana,,,,,,,,,10800,,,,,Volvo,B7R LE,ETY197,,,155ETY197
156,MCS,MNM,,LV,EURO5,Mana,,,,,,,,,10800,,,,,Volvo,B7R LE,EUT716,,,156EUT716
157,MCS,MNM,,LV,EURO5,Mana,,,,,,,,,10800,,,,,Volvo,B7R LE,EWF927,,,157EWF927
160,MCS,MNM,,,EURO5,Mana,,,,,,,,,12280,,,,,SCANIA,K280,FAW14,,,160FAW14
161,MCS,MNM,,,EURO5,Mana,,,,,,,,,11750,,,,,SCANIA,K280,FAW17,,,161FAW17
162,MCS,MNM,,,EURO5,Mana,,,,,,,,,11750,,,,,SCANIA,K280,FAW20,,,162FAW20
163,MCS,MNM,,,EURO5,Mana,,,,,,,,,11750,,,,,SCANIA,K280,FBP22,,,163FBP22
164,MCS,MNM,,,EURO5,Mana,,,,,,,,,11750,,,,,SCANIA,K280,FBP38,,,164FBP38
165,MCS,MNM,,,EURO5,Mana,,,,,,,,,11750,,,,,SCANIA,K280,FBP39,,,165FBP39
168,MCS,MNM,,,EURO5,Mana,,,,,,,,,12940,,,,,SCANIA,K280,FQZ366,,,168FQZ366
169,MCS,MNM,,,EURO5,Mana,,,,,,,,,12930,,,,,SCANIA,K280,FQZ372,,,169FQZ372
170,MCS,MNM,,,EURO5,Mana,,,,,,,,,12880,,,,,SCANIA,K280,FRM102,,,170FRM102
171,MCS,MNM,,,EURO5,Mana,,,,,,,,,12930,,,,,SCANIA,K280,FRM107,,,171FRM107
172,MCS,MNM,,,EURO5,Mana,,,,,,,,,13040,,,,,SCANIA,K280,FSN199,,,172FSN199
173,MCS,MNM,,,EURO5,Mana,,,,,,,,,12970,,,,,SCANIA,K280,FTN600,,,173FTN600
2,MCS,MNM,,,PRE-EURO,Mana,,,,,,,,,10100,,,,,MERC,305,ZG1847,,,2ZG1847
11,MCS,MNM,,,EURO1,Mana,,,,,,,,,8220,,,,,Volvo,B6R,UH7201,,,11UH7201
15,MCS,MNM,,,PRE-EURO,Mana,,,,,,,,,10200,,,,,MERC,305,ZG1846,,,15ZG1846
16,MCS,MNM,,,EURO2,Mana,,,,,,,,,5420,,,,,MAN,11/220,ZR8229,,,16ZR8229
17,MCS,MNM,,,EURO2,Mana,,,,,,,,,4770,,,,,MAN,11/220,ZR8227,,,17ZR8227
19,MCS,MNM,,,EURO1,Mana,,,,,,,,,7100,,,,,MAN,11/190,UT5632,,,19UT5632
20,MCS,MNM,,LV,PRE-EURO,Mana,,,,,,,,,8170,,,,,MAN,A80,CUY394,,,20CUY394
21,MCS,MNM,,LV,PRE-EURO,Mana,,,,,,,,,8400,,,,,MAN,A80,CUY397,,,21CUY397
22,MCS,MNM,,LV,PRE-EURO,Mana,,,,,,,,,8400,,,,,MAN,A80,CUY399,,,22CUY399
24,MCS,MNM,,,EURO2,Mana,,,,,,,,,7460,,,,,MAN,11/220,ZR8218,,,24ZR8218
25,MCS,MNM,,,EURO2,Mana,,,,,,,,,7420,,,,,MAN,11/220,AES678,,,25AES678
40,MCS,MNM,,,EURO1,Mana,,,,,,,,,7100,,,,,MAN,11/190,UT5636,,,40UT5636
47,MCS,MNM,,LV,EURO3,Mana,,,,,,,,,8260,,,,,MAN,A80,BRM883,,,47BRM883
48,MCS,MNM,,LV,EURO3,Mana,,,,,,,,,8240,,,,,MAN,A80,BRC548,,,48BRC548
50,MCS,MNM,,LV,PRE-EURO,Mana,,,,,,,,,7760,,,,,MAN,A80,CUY402,,,50CUY402
52,MCS,MNM,,LV,PRE-EURO,Mana,,,,,,,,,8080,,,,,MAN,A80,CUY406,,,52CUY406
60,MCS,MNM,,,PRE-EURO,Mana,,,,,,,,,10180,,,,,MERC,305,ZG1842,,,60ZG1842
66,MCS,MNM,,,EURO1,Mana,,,,,,,,,7100,,,,,MAN,11/190,UT5633,,,66UT5633
67,MCS,MNM,,,EURO1,Mana,,,,,,,,,7100,,,,,MAN,11/190,UT5635,,,67UT5635
68,MCS,MNM,,,PRE-EURO,Mana,,,,,,,,,8749,,,,,Volvo,B10M,ACN141,,,68ACN141
69,MCS,MNM,,,PRE-EURO,Mana,,,,,,,,,8600,,,,,Volvo,B10M,ADG434,,,69ADG434
71,MCS,MNM,,,PRE-EURO,Mana,,,,,,,,,8660,,,,,Volvo,B10M,APH981,,,71APH981
72,MCS,MNM,,,PRE-EURO,Mana,,,,,,,,,8620,,,,,Volvo,B10M,ARG281,,,72ARG281
73,MCS,MNM,,,PRE-EURO,Mana,,,,,,,,,9060,,,,,Volvo,B10M,AYK585,,,73AYK585
76,MCS,MNM,,,PRE-EURO,Mana,,,,,,,,,9780,,,,,Volvo,B10M,BSH151,,,76BSH151
108,MCS,MNM,,,EURO1,Mana,,,,,,,,,7100,,,,,MAN,11/190,UT5634,,,108UT5634
109,MCS,MNM,,,EURO1,Mana,,,,,,,,,7100,,,,,MAN,11/190,UT5631,,,109UT5631
115,MCS,MNM,,,PRE-EURO,Mana,,,,,,,,,10220,,,,,MERC,305,ZG1844,,,115ZG1844
131,MCS,MNM,,SV,PRE-EURO,Mana,,,,,,,,,3680,,,,,Toyota,Coaster,AZS482,,,131AZS482
146,MCS,MNM,,LV,EURO3,Mana,,,,,,,,,9520,,,,,Volvo,B7R,DAG246,,,146DAG246
147,MCS,MNM,,LV,EURO3,Mana,,,,,,,,,9580,,,,,Volvo,B7R,CZW629,,,147CZW629
151,MCS,MNM,,LV,EURO5,Mana,,,,,,,,,10900,,,,,Volvo,B7R,ESB348,,,151ESB348
152,MCS,MNM,,LV,EURO5,Mana,,,,,,,,,10740,,,,,Volvo,B7R,ESB369,,,152ESB369
166,MCS,MNM,,,EURO5,Mana,,,,,,,,,11750,,,,,SCANIA,K280,FEQ141,,,166FEQ141
167,MCS,MNM,,,EURO5,Mana,,,,,,,,,11750,,,,,SCANIA,K280,FEQ144,,,167FEQ144
174,MCS,MNM,,,EURO5,Mana,,,,,,,,,8700,,,,,ADL,E200,GCY582,,,174GCY582
175,MCS,MNM,,,EURO5,Mana,,,,,,,,,8700,,,,,ADL,E200,GCY585,,,175GCY585
176,MCS,MNM,,,EURO5,Mana,,,,,,,,,8700,,,,,ADL,E200,GDQ250,,,176GDQ250
177,MCS,MNM,,,EURO5,Mana,,,,,,,,,8700,,,,,ADL,E200,GFK489,,,177GFK489
178,MCS,MNM,,,EURO5,Mana,,,,,,,,,8700,,,,,ADL,E200,GGF256,,,178GGF256
179,MCS,MNM,,,EURO5,Mana,,,,,,,,,8700,,,,,ADL,E200,GGF257,,,179GGF257
180,MCS,MNM,,,EURO5,Mana,,,,,,,,,8700,,,,,ADL,E200,GMW355,,,180GMW355
181,MCS,MNM,,,EURO5,Mana,,,,,,,,,8700,,,,,ADL,E200,GPF680,,,181GPF680
44,MCS,MNM,,SV,PRE-EURO,Mana,,,,,,,,,3650,,,,,Toyota,Coaster,BLW986,,,44BLW986
45,MCS,MNM,,SV,PRE-EURO,Mana,,,,,,,,,3670,,,,,Toyota,Coaster,CZE242,,,45CZE242
46,MCS,MNM,,SV,PRE-EURO,Mana,,,,,,,,,3680,,,,,Toyota,Coaster,DYL985,,,46DYL985
55,MCS,MNM,,,EURO2,Mana,,,,,,,,,13600,,,,,Volvo,B12,UO6068,,,55UO6068
122,MCS,MNM,,,PRE-EURO,Mana,,,,,,,,,13520,,,,,Volvo,B12,YR6207,,,122YR6207
186,MCS,MNM,,SV,EURO5,Mana,,,,,,,,,4210,,,,,Mitsubishi,Fuso Rosa,GYY345,,,186GYY345
227,MCS,MNM,,,EURO3,Mana,,,,,,,,,10430,,,,,MAN,18/223,DZG341,,,227DZG341
228,MCS,MNM,,,EURO3,Mana,,,,,,,,,10430,,,,,MAN,18/223,DZG343,,,228DZG343
201,,,,,EURO1,Mana,,,,,,,,,7350,,,,,MAN,11/190,WW7131,,,
202,,,,,EURO1,Mana,,,,,,,,,7360,,,,,MAN,11/190,WY7811,,,
203,,,,,EURO1,Mana,,,,,,,,,8840,,,,,MAN,16/230,ZQ5469,,,
204,,,,,EURO1,Mana,,,,,,,,,7430,,,,,MAN,11/190,XE7290,,,
205,,,,,EURO1,Mana,,,,,,,,,8820,,,,,MAN,16/230,ZQ5470,,,
206,,,,,EURO3,Mana,,,,,,,,,9700,,,,,MAN,17/223,BCW719,,,
207,,,,,EURO3,Mana,,,,,,,,,9700,,,,,MAN,17/223,BDZ734,,,
208,,,,,EURO3,Mana,,,,,,,,,9670,,,,,MAN,17/223,BEJ784,,,
209,,,,,EURO1,Mana,,,,,,,,,7540,,,,,MAN,11/190,XP6960,,,
210,,,,,EURO1,Mana,,,,,,,,,7350,,,,,MAN,11/190,BRQ595,,,
211,,,,,EURO1,Mana,,,,,,,,,7740,,,,,MAN,12/220,EBE760,,,
212,,,,,EURO1,Mana,,,,,,,,,7510,,,,,MAN,11/190,YO5242,,,
213,,,,,EURO1,Mana,,,,,,,,,7460,,,,,MAN,11/190,YO5243,,,
214,,,,,EURO1,Mana,,,,,,,,,7440,,,,,MAN,11/190,YO5244,,,
215,,,,,EURO1,Mana,,,,,,,,,7520,,,,,MAN,12/220,DTF10,,,
216,,,,,EURO1,Mana,,,,,,,,,7500,,,,,MAN,12/220,ZX8497,,,
217,,,,,EURO1,Mana,,,,,,,,,7740,,,,,MAN,12/220,AJS748,,,
3392,TGL,TZM,Unit_15,LV61,EURO3,Tranzurban,,,,,,,,,,,,,,MAN,16/223,ECN842,,,
3899,TGL,TZM,Unit_01,MV,ELECTRIC,Tranzurban,,,,,,,,,13240,,,,,Yutong,E Bus,LYY893,,,
7000,MCS,MNM,Unit_18,MV,ELECTRIC,Mana,,,,,,,,,13240,,,,,YuTong,YuTong E12 Electric,LYY893,,,
